tile,batch,field_id,parent_micrograph,run,position_in_run,run_length,parent_n_tiles,parent_batches,left_neighbour,left_edge_ncc,right_neighbour,right_edge_ncc,parent_in_approved_reference,height_px,width_px,px_nm,xres_signature_known
Batch_3__ptg8lmto,Batch_3,ptg8lmto,M1612,0,0,1,2,Batch_3,,,,,False,1612,7000,24.9999,True
Batch_3__xgj4xftb,Batch_3,xgj4xftb,M1612,1,0,1,2,Batch_3,,,,,False,1612,7000,24.9999,True
Batch_1__iv6g2oq0,Batch_1,iv6g2oq0,M1780,0,0,1,1,Batch_1,,,,,True,1780,6960,25.0004,True
Batch_1__uhdslk0o,Batch_1,uhdslk0o,M1880,0,0,1,1,Batch_1,,,,,True,1880,7000,24.9998,True
Batch_3__mgxahqnk,Batch_3,mgxahqnk,M1904,0,0,3,3,Batch_3,,,Batch_3__hawkfj64,0.756,False,1904,7000,25.0005,True
Batch_3__hawkfj64,Batch_3,hawkfj64,M1904,0,1,3,3,Batch_3,Batch_3__mgxahqnk,0.756,Batch_3__0grcilhi,0.411,False,1904,7000,25.0005,True
Batch_3__0grcilhi,Batch_3,0grcilhi,M1904,0,2,3,3,Batch_3,Batch_3__hawkfj64,0.411,,,False,1904,7000,25.0005,True
Batch_2__3806gxp0,Batch_2,3806gxp0,M2048,0,0,1,2,Batch_2,,,,,False,2048,7000,24.9997,True
Batch_2__avn74qx1,Batch_2,avn74qx1,M2048,1,0,1,2,Batch_2,,,,,False,2048,7000,24.9997,True
Batch_3__x7u69zsw,Batch_3,x7u69zsw,M2060,0,0,4,4,Batch_3,,,Batch_3__tuy3zymq,0.433,False,2060,7000,25.0001,True
Batch_3__tuy3zymq,Batch_3,tuy3zymq,M2060,0,1,4,4,Batch_3,Batch_3__x7u69zsw,0.433,Batch_3__kbdh4tri,0.603,False,2060,7000,25.0001,True
Batch_3__kbdh4tri,Batch_3,kbdh4tri,M2060,0,2,4,4,Batch_3,Batch_3__tuy3zymq,0.603,Batch_3__71vgq3fw,0.517,False,2060,7000,25.0001,True
Batch_3__71vgq3fw,Batch_3,71vgq3fw,M2060,0,3,4,4,Batch_3,Batch_3__kbdh4tri,0.517,,,False,2060,7000,25.0001,True
Batch_3__vc2whyaq,Batch_3,vc2whyaq,M2068,0,0,4,4,Batch_2;Batch_3,,,Batch_3__x77cy643,0.424,False,2068,7000,24.9992,True
Batch_3__x77cy643,Batch_3,x77cy643,M2068,0,1,4,4,Batch_2;Batch_3,Batch_3__vc2whyaq,0.424,Batch_3__utfgcjfa,0.562,False,2068,6996,24.9992,True
Batch_3__utfgcjfa,Batch_3,utfgcjfa,M2068,0,2,4,4,Batch_2;Batch_3,Batch_3__x77cy643,0.562,Batch_2__rxax5ozo,0.493,False,2068,6996,24.9992,True
Batch_2__rxax5ozo,Batch_2,rxax5ozo,M2068,0,3,4,4,Batch_2;Batch_3,Batch_3__utfgcjfa,0.493,,,False,2068,7000,24.9992,True
Batch_3__cfe5vt7s,Batch_3,cfe5vt7s,M2080,0,0,3,3,Batch_1;Batch_2;Batch_3,,,Batch_2__r17byphk,0.474,True,2080,7000,25.0002,True
Batch_2__r17byphk,Batch_2,r17byphk,M2080,0,1,3,3,Batch_1;Batch_2;Batch_3,Batch_3__cfe5vt7s,0.474,Batch_1__ffwubibz,0.533,True,2080,7000,25.0002,True
Batch_1__ffwubibz,Batch_1,ffwubibz,M2080,0,2,3,3,Batch_1;Batch_2;Batch_3,Batch_2__r17byphk,0.533,,,True,2080,7000,25.0002,True
Batch_3__9luzk4jm,Batch_3,9luzk4jm,M2088,0,0,2,3,Batch_3,,,Batch_3__hzumfsms,0.749,False,2088,7000,25.0003,True
Batch_3__hzumfsms,Batch_3,hzumfsms,M2088,0,1,2,3,Batch_3,Batch_3__9luzk4jm,0.749,,,False,2088,7000,25.0003,True
Batch_3__ufdvpb81,Batch_3,ufdvpb81,M2088,1,0,1,3,Batch_3,,,,,False,2088,7000,25.0003,True
Batch_1__f1vzngrs,Batch_1,f1vzngrs,M2148,0,0,2,2,Batch_1;Batch_2,,,Batch_2__epqdaau9,0.531,True,2148,7000,24.9997,True
Batch_2__epqdaau9,Batch_2,epqdaau9,M2148,0,1,2,2,Batch_1;Batch_2,Batch_1__f1vzngrs,0.531,,,True,2148,7000,24.9997,True
Batch_1__fzrt2k6r,Batch_1,fzrt2k6r,M2156,0,0,1,2,Batch_1;Batch_2,,,,,True,2156,7000,25.0004,True
Batch_2__b3esycq1,Batch_2,b3esycq1,M2156,1,0,1,2,Batch_1;Batch_2,,,,,True,2156,7000,25.0004,True
Batch_2__i9jiqjwl,Batch_2,i9jiqjwl,M2272,0,0,1,2,Batch_2;Batch_3,,,,,False,2272,7000,25.0002,True
Batch_3__pl8uabbv,Batch_3,pl8uabbv,M2272,1,0,1,2,Batch_2;Batch_3,,,,,False,2272,7000,25.0002,True
Batch_1__4ih2ggld,Batch_1,4ih2ggld,M2316,0,0,1,2,Batch_1,,,,,True,2316,6996,25.0001,True
Batch_1__5n1q8atc,Batch_1,5n1q8atc,M2316,1,0,1,2,Batch_1,,,,,True,2316,7000,25.0001,True
