batch,fid,det,H,W,px_nm,py_nm,rgb_identical,maxdiff,desc,mean,std,p1,p99,n_unique,frac0,frac255,size_mb
Batch_1,4ih2ggld,BSE,2316,6996,250.0006,250.0006,True,0,"{""shape"": [2316, 6996, 3]}",57.38617422390885,24.361665423444723,0,116,165,0.037952787726714794,0.0,22.9
Batch_1,4ih2ggld,ETD,2316,6996,250.0006,250.0006,True,0,"{""shape"": [2316, 6996, 3]}",79.09886324136862,38.74607948999198,0,197,199,0.054673358869761254,0.0013690897636053564,21.8
Batch_1,4ih2ggld,Inlens,2316,6996,250.0006,250.0006,True,0,"{""shape"": [2316, 6996, 3]}",96.65582744790757,48.68276475401474,0,255,186,0.027392966224963487,0.015587861210600481,22.3
Batch_1,5n1q8atc,BSE,2316,7000,250.0006,250.0006,True,0,"{""shape"": [2316, 7000, 3]}",59.715742659758206,23.416621818896644,0,119,178,0.02244374537379719,0.0,23.2
Batch_1,5n1q8atc,ETD,2316,7000,250.0006,250.0006,True,0,"{""shape"": [2316, 7000, 3]}",83.78500783370343,35.7593955532996,0,197,198,0.03322174932149025,0.001711633358006415,22.2
Batch_1,5n1q8atc,Inlens,2316,7000,250.0006,250.0006,True,0,"{""shape"": [2316, 7000, 3]}",97.00803071798667,45.35939335365215,0,255,185,0.016733777448803354,0.015817974339995065,22.4
Batch_1,f1vzngrs,BSE,2148,7000,249.997,249.997,False,90,"{""shape"": [2148, 7000, 3]}",54.38171947326417,23.795023170833463,0,131,199,0.02054974727321096,0.0,21.6
Batch_1,f1vzngrs,ETD,2148,7000,249.997,249.997,False,90,"{""shape"": [2148, 7000, 3]}",79.78189671455175,30.06119906242492,0,159,228,0.026110601223729716,0.0007108938547486034,20.4
Batch_1,f1vzngrs,Inlens,2148,7000,249.997,249.997,False,90,"{""shape"": [2148, 7000, 3]}",125.49032568502261,47.85411819278587,0,255,207,0.011856012237297153,0.018609869646182494,19.8
Batch_1,ffwubibz,BSE,2080,7000,250.0022,250.0022,False,255,"{""shape"": [2080, 7000, 3]}",58.6907834478022,21.85510594339281,0,128,178,0.018317513736263735,3.434065934065934e-07,20.7
Batch_1,ffwubibz,ETD,2080,7000,250.0022,250.0022,False,255,"{""shape"": [2080, 7000, 3]}",81.08692912087912,28.74615407010908,0,148,228,0.025755563186813185,0.0001220467032967033,19.3
Batch_1,ffwubibz,Inlens,2080,7000,250.0022,250.0022,False,255,"{""shape"": [2080, 7000, 3]}",114.75075123626374,42.689395018339134,6,255,204,0.00770157967032967,0.010609340659340659,19.5
Batch_1,fzrt2k6r,BSE,2156,7000,250.004,250.004,False,90,"{""shape"": [2156, 7000, 3]}",61.5887120328651,23.675440537985164,0,131,177,0.01729313543599258,0.0,21.4
Batch_1,fzrt2k6r,ETD,2156,7000,250.004,250.004,False,90,"{""shape"": [2156, 7000, 3]}",82.46383673469387,33.59889584611034,0,172,236,0.020481977206467,0.0004250596342433077,20.4
Batch_1,fzrt2k6r,Inlens,2156,7000,250.004,250.004,False,90,"{""shape"": [2156, 7000, 3]}",144.19441538563478,48.826241998881756,4,255,234,0.00893764908560827,0.026747084548104955,19.7
Batch_1,iv6g2oq0,BSE,1780,6960,250.0044,250.0044,True,0,"{""shape"": [1780, 6960, 3]}",57.28739425933101,25.050826403019624,0,135,184,0.035223992638512204,0.0,17.5
Batch_1,iv6g2oq0,ETD,1780,6960,250.0044,250.0044,True,0,"{""shape"": [1780, 6960, 3]}",74.46198292005683,30.909779440170755,0,148,219,0.05051118752421542,5.59376210771019e-05,16.2
Batch_1,iv6g2oq0,Inlens,1780,6960,250.0044,250.0044,True,0,"{""shape"": [1780, 6960, 3]}",106.38331315381635,45.48216974753071,0,245,187,0.010433133152524861,0.008071726075164666,16.3
Batch_1,uhdslk0o,BSE,1880,7000,249.9983,249.9983,False,56,"{""shape"": [1880, 7000, 3]}",60.174161778115504,24.04108251410738,0,133,181,0.02315661094224924,0.0,18.7
Batch_1,uhdslk0o,ETD,1880,7000,249.9983,249.9983,False,56,"{""shape"": [1880, 7000, 3]}",79.08638449848024,30.854635368719876,0,154,228,0.026875227963525837,0.00021382978723404256,17.6
Batch_1,uhdslk0o,Inlens,1880,7000,249.9983,249.9983,False,56,"{""shape"": [1880, 7000, 3]}",135.67699361702128,50.169998626323576,2,255,207,0.009594984802431612,0.0422177811550152,17.0
Batch_2,3806gxp0,BSE,2048,7000,249.9971,249.9971,True,0,"{""shape"": [2048, 7000, 3]}",51.109049037388395,23.32101624131909,0,127,158,0.0276611328125,0.0,19.6
Batch_2,3806gxp0,ETD,2048,7000,249.9971,249.9971,True,0,"{""shape"": [2048, 7000, 3]}",75.48219928850446,32.65560627934695,0,158,184,0.03512681361607143,0.00016399274553571428,18.3
Batch_2,3806gxp0,Inlens,2048,7000,249.9971,249.9971,True,0,"{""shape"": [2048, 7000, 3]}",110.13894224330357,53.7804355562918,7,255,193,0.006646484375,0.015109933035714286,19.5
Batch_2,avn74qx1,BSE,2048,7000,249.9971,249.9971,False,34,"{""shape"": [2048, 7000, 3]}",49.577726981026785,22.2252019391063,0,123,166,0.03424874441964286,0.0,19.5
Batch_2,avn74qx1,ETD,2048,7000,249.9971,249.9971,False,34,"{""shape"": [2048, 7000, 3]}",71.72204673549108,29.362797207823938,0,145,196,0.03910721261160714,0.00011893136160714286,18.0
Batch_2,avn74qx1,Inlens,2048,7000,249.9971,249.9971,False,34,"{""shape"": [2048, 7000, 3]}",106.40018415178571,52.88292029337214,0,255,228,0.011821847098214286,0.011970842633928572,19.4
Batch_2,b3esycq1,BSE,2156,7000,250.004,250.004,True,0,"{""shape"": [2156, 7000, 3]}",63.058190365756694,24.61735247846738,0,134,164,0.015433275907765704,0.0,21.4
Batch_2,b3esycq1,ETD,2156,7000,250.004,250.004,True,0,"{""shape"": [2156, 7000, 3]}",80.73114729658097,33.549128128365815,0,169,207,0.01907759077657037,0.0003531009806520011,20.2
Batch_2,b3esycq1,Inlens,2156,7000,250.004,250.004,True,0,"{""shape"": [2156, 7000, 3]}",146.74809534852903,49.59244298268279,2,255,164,0.009056586270871985,0.035211900344553404,19.4
Batch_2,epqdaau9,BSE,2148,7000,249.997,249.997,True,0,"{""shape"": [2148, 7000, 3]}",53.8009872971535,25.72095158132712,0,133,218,0.027233838786911414,0.0011141260973663207,21.5
Batch_2,epqdaau9,ETD,2148,7000,249.997,249.997,True,0,"{""shape"": [2148, 7000, 3]}",78.6516959962756,33.688490330026774,0,175,219,0.03468568768289439,0.0007950917797286513,20.4
Batch_2,epqdaau9,Inlens,2148,7000,249.997,249.997,True,0,"{""shape"": [2148, 7000, 3]}",126.74271169193935,51.98581609765237,0,255,177,0.01398949188613993,0.031593774940143655,19.7
Batch_2,i9jiqjwl,BSE,2272,7000,250.0021,250.0021,False,90,"{""shape"": [2272, 7000, 3]}",56.50066417253521,22.945444986100895,0,127,145,0.02062965291750503,0.0,22.4
Batch_2,i9jiqjwl,ETD,2272,7000,250.0021,250.0021,False,90,"{""shape"": [2272, 7000, 3]}",79.88162908702213,33.54385518666875,0,183,209,0.02786110412474849,0.0003960638832997988,21.3
Batch_2,i9jiqjwl,Inlens,2272,7000,250.0021,250.0021,False,90,"{""shape"": [2272, 7000, 3]}",144.25701993209256,43.739384720200285,10,255,192,0.006786091549295775,0.026362173038229377,20.9
Batch_2,r17byphk,BSE,2080,7000,250.0022,250.0022,True,0,"{""shape"": [2080, 7000, 3]}",56.11100913461539,23.30837582574384,0,126,209,0.02433598901098901,1.5796703296703297e-06,20.6
Batch_2,r17byphk,ETD,2080,7000,250.0022,250.0022,True,0,"{""shape"": [2080, 7000, 3]}",76.78487266483516,34.765890453839184,0,170,224,0.03688626373626373,0.0004908653846153846,19.2
Batch_2,r17byphk,Inlens,2080,7000,250.0022,250.0022,True,0,"{""shape"": [2080, 7000, 3]}",108.84943598901098,54.72741290305081,2,255,185,0.009243543956043956,0.027182898351648353,19.3
Batch_2,rxax5ozo,BSE,2068,7000,249.992,249.992,True,0,"{""shape"": [2068, 7000, 3]}",56.319515681127385,22.721982547707956,0,130,176,0.011365294280187897,6.907985631389887e-08,20.5
Batch_2,rxax5ozo,Inlens,2068,7000,249.992,249.992,True,0,"{""shape"": [2068, 7000, 3]}",115.27593485769549,61.97324158601693,13,255,170,0.003577922077922078,0.0327450262503454,19.5
Batch_2,rxax5ozo,SE,2068,7000,249.992,249.992,True,0,"{""shape"": [2068, 7000, 3]}",73.60165943630837,31.31092795325297,0,158,203,0.013930851063829788,0.0002886847195357834,19.3
Batch_3,0grcilhi,BSE,1904,7000,250.0055,250.0055,False,255,"{""shape"": [1904, 7000, 3]}",55.65173356842737,24.05527563857587,0,129,174,0.016055372148859545,0.0,18.0
Batch_3,0grcilhi,ETD,1904,7000,250.0055,250.0055,False,255,"{""shape"": [1904, 7000, 3]}",66.08916266506603,34.5097689518547,0,159,222,0.024751125450180073,2.6335534213685476e-05,16.5
Batch_3,0grcilhi,Inlens,1904,7000,250.0055,250.0055,False,255,"{""shape"": [1904, 7000, 3]}",108.56787597539015,62.63102929041494,0,255,225,0.011118772509003602,0.03912267406962785,16.1
Batch_3,71vgq3fw,BSE,2060,7000,250.0014,250.0014,False,255,"{""shape"": [2060, 7000, 3]}",64.03616546463246,17.080599256973894,23,118,152,0.0,0.0,19.4
Batch_3,71vgq3fw,ETD,2060,7000,250.0014,250.0014,False,255,"{""shape"": [2060, 7000, 3]}",71.95835360610263,24.845598184434383,19,145,238,0.0,1.3314840499306518e-05,17.9
Batch_3,71vgq3fw,Inlens,2060,7000,250.0014,250.0014,False,255,"{""shape"": [2060, 7000, 3]}",64.93092489597781,38.705839515641394,18,193,251,0.0,0.00027233009708737865,17.1
Batch_3,9luzk4jm,BSE,2088,7000,250.0028,250.0028,True,0,"{""shape"": [2088, 7000, 3]}",57.61272831143952,20.593711175361637,6,120,97,0.0034217296113847836,0.0,15.9
Batch_3,9luzk4jm,ETD,2088,7000,250.0028,250.0028,True,0,"{""shape"": [2088, 7000, 3]}",77.17539313081555,35.470215300783366,0,169,121,0.01758586480569239,0.00020491242474001095,14.1
Batch_3,9luzk4jm,Inlens,2088,7000,250.0028,250.0028,True,0,"{""shape"": [2088, 7000, 3]}",126.79468137657362,43.55333746665747,22,255,95,0.00018028188286808977,0.021598864258347016,13.0
Batch_3,cfe5vt7s,BSE,2080,7000,250.0022,250.0022,True,0,"{""shape"": [2080, 7000, 3]}",58.756333516483515,24.09705191481875,0,133,205,0.01800563186813187,1.1675824175824176e-06,20.7
Batch_3,cfe5vt7s,ETD,2080,7000,250.0022,250.0022,True,0,"{""shape"": [2080, 7000, 3]}",82.02723619505494,36.06293170865612,0,188,222,0.028329326923076922,0.0018623626373626373,19.5
Batch_3,cfe5vt7s,Inlens,2080,7000,250.0022,250.0022,True,0,"{""shape"": [2080, 7000, 3]}",111.07427774725275,53.02871478237154,8,255,185,0.00669217032967033,0.029014903846153847,19.3
Batch_3,hawkfj64,BSE,1904,7000,250.0055,250.0055,True,0,"{""shape"": [1904, 7000, 3]}",56.311620798319325,21.58136337836818,1,128,193,0.008015381152460985,0.0,18.1
Batch_3,hawkfj64,ETD,1904,7000,250.0055,250.0055,True,0,"{""shape"": [1904, 7000, 3]}",71.26320483193277,31.806223495070395,0,161,209,0.013039090636254502,9.191176470588235e-05,16.8
Batch_3,hawkfj64,Inlens,1904,7000,250.0055,250.0055,True,0,"{""shape"": [1904, 7000, 3]}",110.41207232893157,63.717131415354,15,255,177,0.003725840336134454,0.05161967286914766,16.0
Batch_3,hzumfsms,BSE,2088,7000,250.0028,250.0028,True,0,"{""shape"": [2088, 7000, 3]}",56.35887759989053,20.98973244541073,3,117,104,0.00605623973727422,0.0,15.8
Batch_3,hzumfsms,ETD,2088,7000,250.0028,250.0028,True,0,"{""shape"": [2088, 7000, 3]}",71.57047235905857,34.72475839363948,0,160,126,0.02764504652435687,8.039135194307608e-05,13.8
Batch_3,hzumfsms,Inlens,2088,7000,250.0028,250.0028,True,0,"{""shape"": [2088, 7000, 3]}",118.41524835796388,44.66814818573222,13,255,100,0.0007071018062397373,0.016136836343732894,12.8
Batch_3,kbdh4tri,BSE,2060,7000,250.0014,250.0014,True,0,"{""shape"": [2060, 7000, 3]}",64.3783278779473,16.905245377578222,24,118,158,0.0,0.0,19.4
Batch_3,kbdh4tri,ETD,2060,7000,250.0014,250.0014,True,0,"{""shape"": [2060, 7000, 3]}",73.24050104022191,25.76262583609972,20,153,238,0.0,2.6352288488210818e-06,17.9
Batch_3,kbdh4tri,Inlens,2060,7000,250.0014,250.0014,True,0,"{""shape"": [2060, 7000, 3]}",68.03994306518724,40.82985411104324,23,199,251,0.0,0.00027233009708737865,17.2
Batch_3,mgxahqnk,BSE,1904,7000,250.0055,250.0055,True,0,"{""shape"": [1904, 7000, 3]}",58.278972914165664,23.431258501593636,1,133,176,0.007457833133253301,0.0,18.1
Batch_3,mgxahqnk,ETD,1904,7000,250.0055,250.0055,True,0,"{""shape"": [1904, 7000, 3]}",75.28361967286915,33.34155557654014,0,162,209,0.011991146458583433,4.329231692677071e-05,16.9
Batch_3,mgxahqnk,Inlens,1904,7000,250.0055,250.0055,True,0,"{""shape"": [1904, 7000, 3]}",115.08269185174069,62.934546895127404,14,255,177,0.003284888955582233,0.048862394957983196,16.2
Batch_3,pl8uabbv,BSE,2272,7000,250.0021,250.0021,True,0,"{""shape"": [2272, 7000, 3]}",53.55530250251509,23.29685573540675,0,127,122,0.030164424044265593,0.0,22.2
Batch_3,pl8uabbv,ETD,2272,7000,250.0021,250.0021,True,0,"{""shape"": [2272, 7000, 3]}",74.29206759305835,32.814243189751544,0,161,189,0.03813386569416499,8.192907444668008e-05,21.2
Batch_3,pl8uabbv,Inlens,2272,7000,250.0021,250.0021,True,0,"{""shape"": [2272, 7000, 3]}",137.2540802942656,49.33657186533007,4,255,126,0.008475352112676056,0.03761223591549296,20.8
Batch_3,ptg8lmto,BSE,1612,7000,249.9985,249.9985,False,68,"{""shape"": [1612, 7000, 3]}",58.759304147465436,22.225900077983624,4,133,186,0.0027867777383906414,0.0,16.0
Batch_3,ptg8lmto,ETD,1612,7000,249.9985,249.9985,False,68,"{""shape"": [1612, 7000, 3]}",70.81876222970578,31.69172670668471,2,165,212,0.00936166253101737,0.0001273484579936193,14.8
Batch_3,ptg8lmto,Inlens,1612,7000,249.9985,249.9985,False,68,"{""shape"": [1612, 7000, 3]}",89.40373511166253,53.26811090094816,21,255,210,0.00018291386033321517,0.021894009216589863,14.6
Batch_3,tuy3zymq,BSE,2060,7000,250.0014,250.0014,True,0,"{""shape"": [2060, 7000, 3]}",63.89561699029126,16.52991821133889,24,116,152,0.0,0.0,19.4
Batch_3,tuy3zymq,ETD,2060,7000,250.0014,250.0014,True,0,"{""shape"": [2060, 7000, 3]}",73.45251622746186,26.502412845302022,19,155,238,0.0,3.0097087378640778e-05,17.9
Batch_3,tuy3zymq,Inlens,2060,7000,250.0014,250.0014,True,0,"{""shape"": [2060, 7000, 3]}",70.1312452149792,43.48424819710866,20,208,251,0.0,0.0004936893203883495,17.4
Batch_3,ufdvpb81,BSE,2088,7000,250.0028,250.0028,False,90,"{""shape"": [2088, 7000, 3]}",58.22475116310892,19.902203255594504,3,117,152,0.004558771209633278,0.0,16.0
Batch_3,ufdvpb81,ETD,2088,7000,250.0028,250.0028,False,90,"{""shape"": [2088, 7000, 3]}",79.98062253694582,32.98155083472531,0,163,177,0.019603721948549535,0.00020545977011494253,14.0
Batch_3,ufdvpb81,Inlens,2088,7000,250.0028,250.0028,False,90,"{""shape"": [2088, 7000, 3]}",126.67773939518337,40.222579974054995,13,255,187,0.0006967706622879036,0.0117185960591133,12.8
Batch_3,utfgcjfa,BSE,2068,6996,249.992,249.992,True,0,"{""shape"": [2068, 6996, 3]}",55.25304546781637,23.238912881003625,0,131,168,0.010867635885883395,0.0,20.5
Batch_3,utfgcjfa,Inlens,2068,6996,249.992,249.992,True,0,"{""shape"": [2068, 6996, 3]}",112.67769956692578,63.78816545476504,13,255,178,0.0030987588376004856,0.03319629730390287,19.5
Batch_3,utfgcjfa,SE,2068,6996,249.992,249.992,True,0,"{""shape"": [2068, 6996, 3]}",72.6681888821797,33.23862094411622,0,164,206,0.014005516277331174,0.0003821609032185289,19.3
Batch_3,vc2whyaq,BSE,2068,7000,249.992,249.992,False,90,"{""shape"": [2068, 7000, 3]}",56.646854172423325,22.896445379150567,1,131,178,0.009598922354241504,0.0,20.5
Batch_3,vc2whyaq,Inlens,2068,7000,249.992,249.992,False,90,"{""shape"": [2068, 7000, 3]}",127.63162724509533,59.531732080721895,20,255,218,0.00210382702403979,0.04045268029842498,19.7
Batch_3,vc2whyaq,SE,2068,7000,249.992,249.992,False,90,"{""shape"": [2068, 7000, 3]}",75.41634816247583,32.78569114864459,0,162,220,0.013385120198949987,0.00026547388781431334,19.3
Batch_3,x77cy643,BSE,2068,6996,249.992,249.992,True,0,"{""shape"": [2068, 6996, 3]}",55.96789067364274,23.588307509304304,0,131,172,0.012226453248222528,0.0,20.5
Batch_3,x77cy643,Inlens,2068,6996,249.992,249.992,True,0,"{""shape"": [2068, 6996, 3]}",121.12270316389692,64.96855310484854,14,255,177,0.0031653898939764417,0.041098712942350034,19.7
Batch_3,x77cy643,SE,2068,6996,249.992,249.992,True,0,"{""shape"": [2068, 6996, 3]}",73.89785389938213,34.16703114851505,0,166,207,0.015940374328298125,0.0006412893579420348,19.4
Batch_3,x7u69zsw,BSE,2060,7000,250.0014,250.0014,False,90,"{""shape"": [2060, 7000, 3]}",65.86382177531206,18.046309019354904,25,121,209,0.0,0.0,19.5
Batch_3,x7u69zsw,ETD,2060,7000,250.0014,250.0014,False,90,"{""shape"": [2060, 7000, 3]}",77.78745589459085,28.087916099783882,20,163,238,0.0,1.6296809986130374e-05,18.2
Batch_3,x7u69zsw,Inlens,2060,7000,250.0014,250.0014,False,90,"{""shape"": [2060, 7000, 3]}",72.01565083217753,43.85795948810895,25,212,250,0.0,0.0005753120665742024,17.5
Batch_3,xgj4xftb,BSE,1612,7000,249.9985,249.9985,False,90,"{""shape"": [1612, 7000, 3]}",60.15302428216944,22.759907326548102,6,134,174,0.0019972527472527472,0.0,16.0
Batch_3,xgj4xftb,ETD,1612,7000,249.9985,249.9985,False,90,"{""shape"": [1612, 7000, 3]}",71.36167165898617,34.818417599842064,0,176,215,0.010235997873094647,0.00023670684154555123,14.7
Batch_3,xgj4xftb,Inlens,1612,7000,249.9985,249.9985,False,90,"{""shape"": [1612, 7000, 3]}",109.43903305565402,66.4729420180582,29,255,216,7.621410847217299e-06,0.06749193548387097,14.3
