src,batch,fid,pore_len_max,n_long_hcrack_per_mm2,long_hcrack_len_sum_per_mm2,bright_ecd_max,n_bright_gt5um_per_mm2,matrix_region_ecd_top3
S2316,Batch_1,4ih2ggld,17.274251398761677,0.0,0.0,10.342189095139565,1583.6018033265534,33.44672852075846
S2316,Batch_1,5n1q8atc,17.340530071251916,0.0,0.0,13.874074596977373,1879.4500926865649,33.94489293352069
S2148,Batch_1,f1vzngrs,12.05894877265407,0.0,0.0,6.924263614741533,853.2405007668497,34.82142325559287
S2080,Batch_1,ffwubibz,15.866937256840368,0.0,0.0,5.50431928050042,550.7093135959113,34.336034935846385
S2156,Batch_1,fzrt2k6r,23.05765905768091,106.2593109721239,1599.6308965285525,8.353293118588873,531.2965548606195,35.03321511844384
S1780,Batch_1,iv6g2oq0,27.376113145903954,388.33946046704284,6881.246197463222,5.9786129573918165,906.1254077564333,31.057868047968963
S1880,Batch_1,uhdslk0o,16.11703261405931,0.0,0.0,7.092426334733725,1096.7317394165386,32.16225394444769
S2048,Batch_2,3806gxp0,17.088844264519476,0.0,0.0,6.712255735977973,783.0398052691864,33.743427011782344
S2048,Batch_2,avn74qx1,36.5524126717374,223.725658648339,3797.086236783051,7.013616330833014,447.451317296678,34.636967292821105
S2156,Batch_2,b3esycq1,21.965560530342287,106.2593109721239,2334.0453270706516,7.0774316997479225,1062.593109721239,34.282798410681785
S2148,Batch_2,epqdaau9,17.615617886815404,106.65506259585621,1615.3985963815278,6.9102284749392595,746.5854381709935,34.726572219482506
S2272,Batch_2,i9jiqjwl,11.066946470715278,0.0,0.0,8.360434924833944,403.3363986899633,35.85983096195499
S2080,Batch_2,r17byphk,31.312084782593555,110.14186271918227,1888.7385451521966,6.870731232589955,550.7093135959113,36.038159590635146
S2068,Batch_2,rxax5ozo,23.264890885295216,110.78098377944833,2577.307499794525,6.683503729548358,664.68590267669,34.25270264983887
S1904,Batch_3,0grcilhi,40.94642934041871,120.32304330666973,4926.798990780692,7.015885191816207,601.6152165333486,31.90603608497527
S2060,Batch_3,71vgq3fw,30.793120944342306,111.21120119218405,3424.5399686765086,7.114998842161157,667.2672071531043,33.80379706610375
S2088,Batch_3,9luzk4jm,26.62042363491871,219.43972649032483,4837.66829345122,7.730684116281182,658.3191794709745,36.90719898664668
S2080,Batch_3,cfe5vt7s,14.167868427288184,0.0,0.0,6.71421161647288,1101.4186271918227,33.66445669649821
S1904,Batch_3,hawkfj64,20.554554301331166,0.0,0.0,6.631387980732703,240.64608661333946,32.68377433938964
S2088,Batch_3,hzumfsms,39.754615648178856,109.71986324516241,3428.5746962756684,7.154649142106571,548.599316225812,34.16448737323791
S2060,Batch_3,kbdh4tri,14.178519246649921,0.0,0.0,6.046048902328406,556.0560059609203,34.66754142543615
S1904,Batch_3,mgxahqnk,16.89294419072633,0.0,0.0,8.688931728341922,1082.9073897600276,32.044231928318986
S2272,Batch_3,pl8uabbv,28.18959081392506,0.0,0.0,6.8674874798882115,605.0045980349449,36.0250513707475
S1612,Batch_3,ptg8lmto,18.50331591523825,142.11853254088038,2340.9119775366617,7.388137455239438,568.4741301635215,30.830202293974338
S2060,Batch_3,tuy3zymq,15.506958519067258,0.0,0.0,6.454363357783912,556.0560059609203,34.397107913800006
S2088,Batch_3,ufdvpb81,29.848549263740313,329.15958973548726,8040.259772826021,6.504411022329622,658.3191794709745,34.63439921491078
S2068,Batch_3,utfgcjfa,31.971612125645404,110.84446858390648,1763.9611346133534,6.600837295037103,997.6002172551583,34.52510763794401
S2068,Batch_3,vc2whyaq,29.22362540766305,110.78098377944833,2187.200773919468,6.322259737057159,664.68590267669,34.8450773084022
S2068,Batch_3,x77cy643,15.50580849408392,0.0,0.0,6.643856387055767,332.53340575171944,33.9203139371247
S2060,Batch_3,x7u69zsw,15.11656421351094,0.0,0.0,8.709879413600822,1000.9008107296564,33.73891271545916
S1612,Batch_3,xgj4xftb,23.876869822053774,142.11853254088038,3393.345700779914,8.100493286668259,710.5926627044018,31.022119356136226
