batch,fid,src,H,W
Batch_1,4ih2ggld,S2316,2316,6996
Batch_1,5n1q8atc,S2316,2316,7000
Batch_1,f1vzngrs,S2148,2148,7000
Batch_1,ffwubibz,S2080,2080,7000
Batch_1,fzrt2k6r,S2156,2156,7000
Batch_1,iv6g2oq0,S1780,1780,6960
Batch_1,uhdslk0o,S1880,1880,7000
Batch_2,3806gxp0,S2048,2048,7000
Batch_2,avn74qx1,S2048,2048,7000
Batch_2,b3esycq1,S2156,2156,7000
Batch_2,epqdaau9,S2148,2148,7000
Batch_2,i9jiqjwl,S2272,2272,7000
Batch_2,r17byphk,S2080,2080,7000
Batch_2,rxax5ozo,S2068,2068,7000
Batch_3,0grcilhi,S1904,1904,7000
Batch_3,71vgq3fw,S2060,2060,7000
Batch_3,9luzk4jm,S2088,2088,7000
Batch_3,cfe5vt7s,S2080,2080,7000
Batch_3,hawkfj64,S1904,1904,7000
Batch_3,hzumfsms,S2088,2088,7000
Batch_3,kbdh4tri,S2060,2060,7000
Batch_3,mgxahqnk,S1904,1904,7000
Batch_3,pl8uabbv,S2272,2272,7000
Batch_3,ptg8lmto,S1612,1612,7000
Batch_3,tuy3zymq,S2060,2060,7000
Batch_3,ufdvpb81,S2088,2088,7000
Batch_3,utfgcjfa,S2068,2068,6996
Batch_3,vc2whyaq,S2068,2068,7000
Batch_3,x77cy643,S2068,2068,6996
Batch_3,x7u69zsw,S2060,2060,7000
Batch_3,xgj4xftb,S1612,1612,7000
