batch,fid,src,pore_BSE,pore_SE2,dice_SE2,pore_InLens,dice_InLens
Batch_1,4ih2ggld,S2316,0.08555656180253475,0.12422224119245216,0.780489717997993,0.08092928970510366,0.6299543315881171
Batch_1,5n1q8atc,S2316,0.05345990687819383,0.08054488473035826,0.7576898944415738,0.05783581074531077,0.583160112031872
Batch_1,f1vzngrs,S2148,0.04911545623836126,0.06471089278819797,0.7772070548922716,0.061591098888440936,0.5885635596307516
Batch_1,ffwubibz,S2080,0.06497020662613447,0.08488832991893559,0.8136142580937669,0.05855499383205569,0.46322034578380933
Batch_1,fzrt2k6r,S2156,0.0720015747629886,0.10237420491470565,0.7791484363574319,0.08479639122128077,0.6448170383051827
Batch_1,iv6g2oq0,S1780,0.08661992569771657,0.10841563972453788,0.836633478546913,0.10343138365349765,0.48788576026086644
Batch_1,uhdslk0o,S1880,0.07153775499012942,0.09776540908093881,0.7905280266602247,0.04410430528137262,0.543234822056006
Batch_2,3806gxp0,S2048,0.08636013175204038,0.12098824936909364,0.7751234762717853,0.14502400576317298,0.2928678025140042
Batch_2,avn74qx1,S2048,0.0888033557730169,0.10712271184582617,0.8357372458228304,0.1681617832948525,0.3378933415174053
Batch_2,b3esycq1,S2156,0.06956445105377358,0.1086683423760007,0.7415275915224309,0.0718726025242962,0.6440001333528041
Batch_2,epqdaau9,S2148,0.06343356509478436,0.0901826547938251,0.7628485906233646,0.0693175915793695,0.5808060722556646
Batch_2,i9jiqjwl,S2272,0.06253106950696159,0.08917515689785908,0.7605608292715957,0.03916749350628398,0.6416664136276683
Batch_2,r17byphk,S2080,0.09184936448145212,0.13777404672217816,0.7655428061786594,0.017356911952594943,0.31771377998990175
Batch_2,rxax5ozo,S2068,0.06367213204650142,0.10109505617703687,0.7325120035231065,0.02677583301760753,0.43366158067015126
Batch_3,0grcilhi,S1904,0.10410688115452367,0.1811404759498301,0.7128515639108726,0.03414820610374734,0.4939122696703531
Batch_3,71vgq3fw,S2060,0.06154997831381577,0.11453773674084454,0.6757396538459869,0.017137507089714076,0.43526605893576426
Batch_3,9luzk4jm,S2088,0.09226981046990823,0.14678830759305342,0.7357469850867175,0.07297550394333188,0.6484337294399107
Batch_3,cfe5vt7s,S2080,0.07604841285575821,0.11725922988809587,0.7464437137080031,0.10980221275002203,0.2961952737239796
Batch_3,hawkfj64,S1904,0.06827287401214781,0.1269529181947693,0.6799318341678152,0.01708933143704217,0.40030587424797837
Batch_3,hzumfsms,S2088,0.1078400876881147,0.17436714954378482,0.7407640682494867,0.0941066581304613,0.5941403242954701
Batch_3,kbdh4tri,S2060,0.05873855914767735,0.11508913577775554,0.6509649057566459,0.012013868036788665,0.33894282250633156
Batch_3,mgxahqnk,S1904,0.06914829935410591,0.12567576429197108,0.6872512236169654,0.017667558862032785,0.40688404824169705
Batch_3,pl8uabbv,S2272,0.08149758552748335,0.1168531089169611,0.7759877408328697,0.06724544179452431,0.5563015369023498
Batch_3,ptg8lmto,S1612,0.0606194165181528,0.1058274105434897,0.6963492579352183,0.016618008834087983,0.4295461471672292
Batch_3,tuy3zymq,S2060,0.06616607724730035,0.12475172099333845,0.6719335125031765,0.014433059197722394,0.35621253502336614
Batch_3,ufdvpb81,S2088,0.08343228693499756,0.12332773213431467,0.7714060277331044,0.08227673105028242,0.6701759221210138
Batch_3,utfgcjfa,S2068,0.07447743760841975,0.11862193999988915,0.731676305555157,0.02762923079481026,0.46356639954731516
Batch_3,vc2whyaq,S2068,0.07420906531868365,0.119326628868195,0.733647703453647,0.016558849074203318,0.35342228134799647
Batch_3,x77cy643,S2068,0.07118494122472054,0.118917479064251,0.7119837029802555,0.02025343202185853,0.43140891596205716
Batch_3,x7u69zsw,S2060,0.05753574049978314,0.11227764710461638,0.6547010534105682,0.011111041604110366,0.322606579021976
Batch_3,xgj4xftb,S1612,0.06052437474951609,0.13078342485766828,0.6164474322622102,0.012236139179521289,0.3315741992033234
