,base,BSE/raw,BSE/rz,BSE/heq,SEt/raw,SEt/rz,SEt/heq,Inlens/raw,Inlens/rz,Inlens/heq
S1612,False,1.7843525585957463,2.165944249578665,0.48641554230208245,0.23206324290453395,1.1303100718488148,1.5449813245868247,1.0517266717604679,1.4521165263839064,2.2485677391861874
S1780,True,-0.982169526298848,-0.2242645254752394,-0.7285013014490718,-0.37660388632205405,-0.4112577110157536,-0.5868390895033407,0.18921044206051255,1.101886378170033,0.6900256472915728
S1880,True,0.5836696794118406,-0.21414960489470122,-0.2745370434347074,-1.324367613405795,-0.8701845433420773,-1.055072418925876,-1.1109527211118093,-1.5235222132767992,-1.761147639547761
S1904,False,9.363496390551095,6.091218582766934,0.5761080186461226,3.592148456623347,4.035559608306461,1.944755414829609,4.4207984579289485,5.458202364682381,3.6136095743984824
S2048,False,4.072795504811422,3.41753202341633,0.14423642843222317,3.0209879145415406,0.9617529326454033,0.4592726577944399,4.278560269881449,5.097915109445041,3.6158635283982115
S2060,False,2.0979720997978526,2.4046550452942013,0.6841402992111794,-0.6598252146847762,0.15723781492419225,0.17828313194580508,0.4484374335645678,0.6845316379659793,2.132951189131437
S2068,False,-3.216837319370785,-1.732942423600044,0.43760772069917314,-0.49123204249690133,-0.28641078072692905,0.023251088405401958,0.8087842657443243,1.6582890736087674,2.0246751011138002
S2080,True,0.8178122975113878,-0.4878286516566142,0.09202927299615148,-0.20941630320873994,-0.5907469983370042,-0.41732667130139156,-0.42494845880663085,0.01808514663806385,0.5129939324212638
S2088,False,2.2621047342235787,0.8308139331690522,0.1958823298027888,-0.5263058554904497,-0.2461930032457023,0.3394945352675216,0.7825808110860878,0.2991906373125275,-0.0952973871537692
S2148,True,-0.6407913003832004,-0.0011264822307158503,-0.7951138334029918,1.6382895660265486,0.33252399898640833,0.033027437295494386,0.25059235490705845,0.2577424338487721,0.021601836649855585
S2156,True,-1.0273984933651237,-0.991626405219195,-0.21880891881606723,-0.2758691512922153,-0.3321671877950653,0.20241901840305868,-0.6531772456578355,-0.759963874525423,-0.4440093045745045
S2272,False,1.7793345969894756,0.5124930393679112,-0.1344362664195827,0.029866578351610485,-0.47040453189301984,-0.16707832907584189,0.4597419830917583,0.2884011278877222,-0.1681426570207885
S2316,True,1.2488773431240563,1.9189956694764947,1.9249318241066828,0.5479673882022594,1.8718324415034717,1.8237917240320303,1.7492756286087048,0.9057721291453993,0.9805355277595921
