,BSE/raw,BSE/rz,BSE/heq,SEt/raw,SEt/rz,SEt/heq,Inlens/raw,Inlens/rz,Inlens/heq
S1612,1.0187791219541065,1.0331582882757948,1.0252532646092385,1.0165934500360072,1.050703478692792,1.0670360321510701,1.0267947726599236,1.0286277413096703,1.0495795345178587
S1780,0.9901220131771504,0.9999296913679186,0.983402088996742,0.9953173586607855,0.9986650783852518,0.9847688993761108,1.007035015777386,1.0209985545744797,1.0105783902460448
S1880,1.0063418093935912,1.0000703086320815,0.9990401451992514,0.962188072239196,0.9831731756107327,0.9666997350005998,0.9772490162480167,0.9638083540664119,0.9492399358710178
S1904,1.0972879292448368,1.0877273116730934,1.0283429703762639,1.1340459566736691,1.1487754156208885,1.0824633486101012,1.1039782935284692,1.1158937208190014,1.083738505153973
S2048,1.0424840324616467,1.0505578167461644,1.0134659573057363,1.1140809161782266,1.0450135285121638,1.0251384415024445,1.1007196974366495,1.108045456577522,1.0837949083692489
S2060,1.0220277601471213,1.0364768372206294,1.03206444149505,0.9854172957654658,1.0178556699899464,1.014295031579837,1.012973758902595,1.0119071691981147,1.0466863320998137
S2068,0.9669741343381992,0.9789561051842263,1.0235719440121351,0.9913105066264919,1.0028795116445308,1.00831233171168,1.021229100138019,1.0331188705584518,1.043976818284354
S2080,1.0087671832999976,0.9962656323117971,1.0116675372396864,1.001161436851177,0.992606093831759,0.9913103981454505,0.992964984222614,0.9973897304302553,1.0061483273762315
S2088,1.0237279333661489,1.0145973543663878,1.015245043421006,0.9900844938942512,1.0042371352451995,1.0205161934723905,1.0206287938762928,1.0035131503916153,0.9909263724239606
S2148,0.9936581906064087,1.003031748464842,0.9811074358382683,1.0657483958320828,1.0237727712137803,1.0086896018545493,1.0084412405335912,1.0026102695697447,0.9938516726237685
S2156,0.989653507454328,0.9892618539594868,1.0009598548007486,0.998838563148823,1.0013349216147482,1.0152264375100442,0.9877363923579193,0.980441214427676,0.9822001635705994
S2272,1.0187271432359986,1.0101720686851257,1.0038663044976965,1.0095256218188675,0.9966684707913838,1.0009675031532235,1.0132327397108767,1.003278118705729,0.9891034836522181
S2316,1.0132323845610012,1.0297252179470313,1.0748069421641206,1.0276359478783106,1.0757349034137866,1.0777953493987131,1.0427752230287053,1.0167265287798102,1.0178481443447278
