chan,norm,pert,fid,src,cent_shift,crop_shift,ratio_between,ratio_within,own_nearest_orig,own_nearest_pert
BSE,raw,b+20,4ih2ggld,S2316,0.055783678,0.09443726,0.26638203962331714,0.487273,False,True
BSE,raw,b+20,f1vzngrs,S2148,0.048090808,0.08767815,0.22964652102025193,0.42007545,True,True
BSE,raw,b+20,rxax5ozo,S2068,0.03500349,0.06372701,0.16715106674339408,0.3057571,True,True
BSE,raw,b+20,0grcilhi,S1904,0.043493725,0.07784091,0.2076942166489764,0.3799197,True,True
BSE,raw,b+20,71vgq3fw,S2060,0.037574843,0.06713368,0.1794299621209714,0.32821798,False,False
BSE,raw,b+20,9luzk4jm,S2088,0.044915624,0.07449396,0.2144841642599255,0.39234006,True,False
BSE,raw,b-20,4ih2ggld,S2316,0.20216736,0.27781326,0.965403435330597,1.7659413,False,True
BSE,raw,b-20,f1vzngrs,S2148,0.24381332,0.37878573,1.1642740715821902,2.1297207,True,True
BSE,raw,b-20,rxax5ozo,S2068,0.23042148,0.2955433,1.1003244519202287,2.0127423,True,False
BSE,raw,b-20,0grcilhi,S1904,0.16249037,0.2930103,0.7759351353072611,1.4193609,True,True
BSE,raw,b-20,71vgq3fw,S2060,0.05296252,0.08189671,0.25291024974303755,0.46263006,False,False
BSE,raw,b-20,9luzk4jm,S2088,0.15357491,0.22837377,0.7333614479467309,1.3414841,True,False
BSE,raw,blur1.5,4ih2ggld,S2316,0.18,0.31504595,0.8595483641238963,1.5723084,False,True
BSE,raw,blur1.5,f1vzngrs,S2148,0.2588948,0.4164558,1.236292188651516,2.2614582,True,True
BSE,raw,blur1.5,rxax5ozo,S2068,0.2478185,0.34097216,1.183399875785767,2.1647062,True,False
BSE,raw,blur1.5,0grcilhi,S1904,0.22637445,0.43204844,1.0809987675753931,1.9773914,True,False
BSE,raw,blur1.5,71vgq3fw,S2060,0.20470427,0.3782598,0.9775178511971316,1.7881013,False,False
BSE,raw,blur1.5,9luzk4jm,S2088,0.19055171,0.3033443,0.909935593197192,1.6644781,True,False
BSE,raw,c0.7,4ih2ggld,S2316,0.056424815,0.11020817,0.2694436426698755,0.49287337,False,True
BSE,raw,c0.7,f1vzngrs,S2148,0.08047459,0.13082029,0.3842877877729026,0.7029493,True,True
BSE,raw,c0.7,rxax5ozo,S2068,0.04895295,0.08405732,0.23376347200025221,0.42760628,True,True
BSE,raw,c0.7,0grcilhi,S1904,0.03779758,0.09691355,0.18049359985023264,0.33016363,True,True
BSE,raw,c0.7,71vgq3fw,S2060,0.053880613,0.096724,0.25729439542949034,0.47064966,False,False
BSE,raw,c0.7,9luzk4jm,S2088,0.03552882,0.08109731,0.16965965502034597,0.3103459,True,True
BSE,raw,c1.3,4ih2ggld,S2316,0.088460594,0.15890673,0.4224230899889259,0.7727074,False,True
BSE,raw,c1.3,f1vzngrs,S2148,0.088980824,0.15194605,0.42490732476700077,0.77725166,True,True
BSE,raw,c1.3,rxax5ozo,S2068,0.09818333,0.14577176,0.4688517458765985,0.8576359,True,False
BSE,raw,c1.3,0grcilhi,S1904,0.11626031,0.18532157,0.5551742080496849,1.0155393,True,True
BSE,raw,c1.3,71vgq3fw,S2060,0.037666894,0.07653908,0.1798695347705348,0.32902208,False,False
BSE,raw,c1.3,9luzk4jm,S2088,0.09433813,0.16072026,0.45048988371522497,0.8240479,True,False
BSE,raw,g0.7,4ih2ggld,S2316,0.10625916,0.16669239,0.5074160183423819,0.9281787,False,True
BSE,raw,g0.7,f1vzngrs,S2148,0.11274219,0.18900065,0.5383742430405439,0.9848083,True,True
BSE,raw,g0.7,rxax5ozo,S2068,0.12158843,0.18540236,0.5806174059239845,1.0620806,True,True
BSE,raw,g0.7,0grcilhi,S1904,0.113131806,0.19178042,0.5402347507348878,0.9882116,True,True
BSE,raw,g0.7,71vgq3fw,S2060,0.07298301,0.12861836,0.3485134763318714,0.63751,False,False
BSE,raw,g0.7,9luzk4jm,S2088,0.12829436,0.18707487,0.6126400332896486,1.1206572,True,True
BSE,raw,g1.4,4ih2ggld,S2316,0.1344946,0.20487165,0.642247839575279,1.1748166,False,True
BSE,raw,g1.4,f1vzngrs,S2148,0.16788764,0.26918393,0.8017085730304677,1.4665064,True,True
BSE,raw,g1.4,rxax5ozo,S2068,0.17337814,0.2247929,0.827927169231322,1.5144662,True,False
BSE,raw,g1.4,0grcilhi,S1904,0.13764344,0.23966217,0.6572843906788789,1.2023219,True,True
BSE,raw,g1.4,71vgq3fw,S2060,0.12183871,0.19196694,0.5818125596628864,1.0642668,False,False
BSE,raw,g1.4,9luzk4jm,S2088,0.13774145,0.20360489,0.6577523905681834,1.2031779,True,False
BSE,raw,noise10,4ih2ggld,S2316,0.14564316,0.2581678,0.695485192955432,1.2721997,False,True
BSE,raw,noise10,f1vzngrs,S2148,0.13321315,0.2811863,0.6361285471196735,1.1636231,True,True
BSE,raw,noise10,rxax5ozo,S2068,0.13914782,0.27650428,0.664468192537555,1.2154627,True,False
BSE,raw,noise10,0grcilhi,S1904,0.19388786,0.39108062,0.9258665883647356,1.6936195,True,True
BSE,raw,noise10,71vgq3fw,S2060,0.27582175,0.4902288,1.3171228923546705,2.4093158,False,False
BSE,raw,noise10,9luzk4jm,S2088,0.20783378,0.35063225,0.9924621116125109,1.8154378,True,False
BSE,rz,b+20,4ih2ggld,S2316,0.0,0.0,0.0,0.0,True,True
BSE,rz,b+20,f1vzngrs,S2148,0.0,0.0,0.0,0.0,True,True
BSE,rz,b+20,rxax5ozo,S2068,0.0,0.0,0.0,0.0,True,True
BSE,rz,b+20,0grcilhi,S1904,0.0,0.0,0.0,0.0,True,True
BSE,rz,b+20,71vgq3fw,S2060,0.0,0.0,0.0,0.0,False,False
BSE,rz,b+20,9luzk4jm,S2088,0.0,0.0,0.0,0.0,True,True
BSE,rz,b-20,4ih2ggld,S2316,0.113743655,0.19377354,0.5630136507839173,0.96310717,True,True
BSE,rz,b-20,f1vzngrs,S2148,0.1467955,0.2300851,0.7266151948156707,1.2429687,True,True
BSE,rz,b-20,rxax5ozo,S2068,0.10209622,0.15729484,0.5053606434366592,0.8644843,True,False
BSE,rz,b-20,0grcilhi,S1904,0.13524874,0.2474306,0.6694604996425145,1.1451982,True,True
BSE,rz,b-20,71vgq3fw,S2060,0.0,0.0,0.0,0.0,False,False
BSE,rz,b-20,9luzk4jm,S2088,0.0,0.0,0.0,0.0,True,True
BSE,rz,blur1.5,4ih2ggld,S2316,0.378897,0.5293647,1.875482099397028,3.2082531,True,True
BSE,rz,blur1.5,f1vzngrs,S2148,0.4138662,0.59008753,2.04857418170554,3.5043492,True,True
BSE,rz,blur1.5,rxax5ozo,S2068,0.41833398,0.56359076,2.0706890340644257,3.5421796,True,False
BSE,rz,blur1.5,0grcilhi,S1904,0.35569078,0.6136719,1.76061480003874,3.0117579,True,True
BSE,rz,blur1.5,71vgq3fw,S2060,0.43763104,0.72892296,2.1662065383140847,3.7055745,False,False
BSE,rz,blur1.5,9luzk4jm,S2088,0.42853367,0.64624095,2.1211759642081542,3.6285439,True,False
BSE,rz,c0.7,4ih2ggld,S2316,0.0065510226,0.01421299,0.032426557430761484,0.055469792,True,True
BSE,rz,c0.7,f1vzngrs,S2148,0.015002282,0.027897015,0.07425899686270068,0.12702955,True,True
BSE,rz,c0.7,rxax5ozo,S2068,0.011098866,0.024126545,0.05493768635039105,0.09397797,True,True
BSE,rz,c0.7,0grcilhi,S1904,0.02642203,0.05613237,0.13078499333929067,0.22372453,True,True
BSE,rz,c0.7,71vgq3fw,S2060,0.010013211,0.023411695,0.049563856812563055,0.08478534,False,False
BSE,rz,c0.7,9luzk4jm,S2088,0.014108689,0.029186565,0.06983584476070907,0.11946318,True,False
BSE,rz,c1.3,4ih2ggld,S2316,0.07212589,0.13030681,0.35701209133972966,0.61071503,True,True
BSE,rz,c1.3,f1vzngrs,S2148,0.08981992,0.15116668,0.44459484456667514,0.7605366,True,True
BSE,rz,c1.3,rxax5ozo,S2068,0.04252248,0.07395004,0.21047974918907636,0.36005265,True,True
BSE,rz,c1.3,0grcilhi,S1904,0.07384499,0.16037142,0.3655213839077606,0.62527126,True,True
BSE,rz,c1.3,71vgq3fw,S2060,0.005643876,0.013560871,0.027936319701978702,0.047788665,False,False
BSE,rz,c1.3,9luzk4jm,S2088,0.0070034387,0.015098598,0.03466594733705669,0.059300557,True,True
BSE,rz,g0.7,4ih2ggld,S2316,0.0632149,0.11318958,0.3129040512062062,0.5352626,True,True
BSE,rz,g0.7,f1vzngrs,S2148,0.07641085,0.13194428,0.37822200111956633,0.64699733,True,True
BSE,rz,g0.7,rxax5ozo,S2068,0.060598902,0.097522944,0.29995527364659613,0.513112,True,True
BSE,rz,g0.7,0grcilhi,S1904,0.06050258,0.14724375,0.29947849894360695,0.51229644,True,True
BSE,rz,g0.7,71vgq3fw,S2060,0.03661834,0.06999682,0.18125517109217495,0.31006026,False,False
BSE,rz,g0.7,9luzk4jm,S2088,0.04991315,0.09230363,0.2470624346471858,0.42263204,True,False
BSE,rz,g1.4,4ih2ggld,S2316,0.10581107,0.15010351,0.5237485544330235,0.8959392,True,True
BSE,rz,g1.4,f1vzngrs,S2148,0.13010941,0.19502488,0.6440216484029185,1.1016817,True,True
BSE,rz,g1.4,rxax5ozo,S2068,0.122248575,0.16513416,0.6051116990499968,1.0351213,True,True
BSE,rz,g1.4,0grcilhi,S1904,0.122789614,0.19212112,0.6077897581934811,1.0397024,True,True
BSE,rz,g1.4,71vgq3fw,S2060,0.055015165,0.09776114,0.272316631575375,0.4658326,False,False
BSE,rz,g1.4,9luzk4jm,S2088,0.069378786,0.11788599,0.3434143499459225,0.5874544,True,False
BSE,rz,noise10,4ih2ggld,S2316,0.15571082,0.27450174,0.7707446617826129,1.3184577,True,True
BSE,rz,noise10,f1vzngrs,S2148,0.16649038,0.32027137,0.8241018287444293,1.409732,True,True
BSE,rz,noise10,rxax5ozo,S2068,0.17822991,0.329196,0.8822107371497282,1.5091348,True,False
BSE,rz,noise10,0grcilhi,S1904,0.20833912,0.40482962,1.0312467181191607,1.7640799,True,True
BSE,rz,noise10,71vgq3fw,S2060,0.35305798,0.54354167,1.747582859812419,2.989465,False,False
BSE,rz,noise10,9luzk4jm,S2088,0.24025492,0.40496373,1.1892250275912235,2.0343223,True,False
BSE,heq,b+20,4ih2ggld,S2316,0.0,0.0,0.0,0.0,True,True
BSE,heq,b+20,f1vzngrs,S2148,0.0,0.0,0.0,0.0,True,True
BSE,heq,b+20,rxax5ozo,S2068,0.0,0.0,0.0,0.0,True,True
BSE,heq,b+20,0grcilhi,S1904,0.0,0.0,0.0,0.0,True,True
BSE,heq,b+20,71vgq3fw,S2060,0.0,0.0,0.0,0.0,False,False
BSE,heq,b+20,9luzk4jm,S2088,0.0,0.0,0.0,0.0,True,True
BSE,heq,b-20,4ih2ggld,S2316,0.1236928,0.1936605,0.6149303730941846,0.9460837,True,True
BSE,heq,b-20,f1vzngrs,S2148,0.09887765,0.1557675,0.4915635415195816,0.75628114,True,True
BSE,heq,b-20,rxax5ozo,S2068,0.10198539,0.15788755,0.5070134302400072,0.7800512,True,True
BSE,heq,b-20,0grcilhi,S1904,0.14326936,0.21707809,0.712253897080686,1.095818,True,False
BSE,heq,b-20,71vgq3fw,S2060,0.00035232503,0.0016256163,0.0017515599889914224,0.002694813,False,False
BSE,heq,b-20,9luzk4jm,S2088,0.06136433,0.11146168,0.3050686023482461,0.46935466,True,True
BSE,heq,blur1.5,4ih2ggld,S2316,0.53073055,0.7077395,2.6384908760269434,4.0593753,True,False
BSE,heq,blur1.5,f1vzngrs,S2148,0.5289058,0.7289627,2.6294193219245856,4.0454187,True,True
BSE,heq,blur1.5,rxax5ozo,S2068,0.4844669,0.6690178,2.408494354651175,3.7055206,True,False
BSE,heq,blur1.5,0grcilhi,S1904,0.47706255,0.6820066,2.3716840955348104,3.6488874,True,False
BSE,heq,blur1.5,71vgq3fw,S2060,0.5717053,0.72988784,2.8421939953590543,4.372777,False,False
BSE,heq,blur1.5,9luzk4jm,S2088,0.41820794,0.64624333,2.0790923988825907,3.1987288,True,False
BSE,heq,c0.7,4ih2ggld,S2316,0.0031261279,0.013916739,0.01554133251524281,0.023910677,True,True
BSE,heq,c0.7,f1vzngrs,S2148,0.0032440887,0.013750816,0.01612776688086578,0.024812918,True,True
BSE,heq,c0.7,rxax5ozo,S2068,0.0036397916,0.016642746,0.01809497696743957,0.027839513,True,True
BSE,heq,c0.7,0grcilhi,S1904,0.0062493505,0.020761404,0.031068221723796734,0.047799133,True,True
BSE,heq,c0.7,71vgq3fw,S2060,0.0049800565,0.020792812,0.024758013028030903,0.03809074,False,False
BSE,heq,c0.7,9luzk4jm,S2088,0.00016784434,0.0,0.0008344267256785567,0.0012837836,True,True
BSE,heq,c1.3,4ih2ggld,S2316,0.06933603,0.11389251,0.34469935058001633,0.53032744,True,True
BSE,heq,c1.3,f1vzngrs,S2148,0.060493518,0.097073436,0.30073941620729566,0.4626941,True,True
BSE,heq,c1.3,rxax5ozo,S2068,0.05006926,0.08143569,0.24891593358622674,0.38296255,True,True
BSE,heq,c1.3,0grcilhi,S1904,0.07691261,0.12979014,0.382365827622126,0.5882781,True,False
BSE,heq,c1.3,71vgq3fw,S2060,0.0,0.0,0.0,0.0,False,False
BSE,heq,c1.3,9luzk4jm,S2088,0.030277254,0.05724565,0.1505213130513064,0.2315803,True,True
BSE,heq,g0.7,4ih2ggld,S2316,0.00030961176,0.0014816963,0.001539213835432943,0.0023681137,True,True
BSE,heq,g0.7,f1vzngrs,S2148,0.00038310222,0.0015999337,0.0019045666712548994,0.0029302172,True,True
BSE,heq,g0.7,rxax5ozo,S2068,0.00031500452,0.001612281,0.001566023601317002,0.0024093613,True,True
BSE,heq,g0.7,0grcilhi,S1904,0.00031004567,0.0017058139,0.0015413709846097401,0.0023714327,True,True
BSE,heq,g0.7,71vgq3fw,S2060,0.0003805773,0.0017568432,0.0018920141436553149,0.0029109048,False,False
BSE,heq,g0.7,9luzk4jm,S2088,0.00018137983,0.0,0.0009017175104762003,0.001387312,True,True
BSE,heq,g1.4,4ih2ggld,S2316,0.007039595,0.022248693,0.03499686827827432,0.05384344,True,True
BSE,heq,g1.4,f1vzngrs,S2148,0.0071138944,0.019790461,0.035366243287948705,0.05441173,True,True
BSE,heq,g1.4,rxax5ozo,S2068,0.004290706,0.017414914,0.021330953646764947,0.032818135,True,True
BSE,heq,g1.4,0grcilhi,S1904,0.0058527705,0.02340426,0.02909665132817526,0.04476583,True,True
BSE,heq,g1.4,71vgq3fw,S2060,0.0046332786,0.018862434,0.023034029939200514,0.035438355,False,False
BSE,heq,g1.4,9luzk4jm,S2088,0.004080074,0.013943685,0.020283810439315555,0.03120708,True,True
BSE,heq,noise10,4ih2ggld,S2316,0.19855498,0.38559616,0.9871025922090123,1.5186787,True,True
BSE,heq,noise10,f1vzngrs,S2148,0.1714703,0.36847985,0.8524529522515069,1.3115174,True,True
BSE,heq,noise10,rxax5ozo,S2068,0.237347,0.4188038,1.1799545309263775,1.8153856,True,False
BSE,heq,noise10,0grcilhi,S1904,0.23440216,0.45534724,1.1653144489420033,1.7928615,True,False
BSE,heq,noise10,71vgq3fw,S2060,0.40339762,0.64470077,2.0054638799978477,3.0854497,False,False
BSE,heq,noise10,9luzk4jm,S2088,0.304722,0.51270235,1.5149047907066082,2.3307137,True,False
SEt,raw,b+20,4ih2ggld,S2316,0.028911036,0.05160649,0.12265195473538947,0.18974082,True,True
SEt,raw,b+20,f1vzngrs,S2148,0.025161434,0.061329897,0.1067446739811022,0.16513248,True,True
SEt,raw,b+20,rxax5ozo,S2068,0.0187819,0.03692023,0.0796801898637007,0.12326411,False,False
SEt,raw,b+20,0grcilhi,S1904,0.021660909,0.0403938,0.09189407402642906,0.14215882,False,False
SEt,raw,b+20,71vgq3fw,S2060,0.021413548,0.031158067,0.0908446710346285,0.1405354,True,True
SEt,raw,b+20,9luzk4jm,S2088,0.023841282,0.04043821,0.10114407293260377,0.15646844,False,True
SEt,raw,b-20,4ih2ggld,S2316,0.07908411,0.14190117,0.3355058339150198,0.5190227,True,True
SEt,raw,b-20,f1vzngrs,S2148,0.13102938,0.2044434,0.5558780441592712,0.85993534,True,True
SEt,raw,b-20,rxax5ozo,S2068,0.12832843,0.20914668,0.5444195348114328,0.8422092,False,False
SEt,raw,b-20,0grcilhi,S1904,0.16244587,0.25741106,0.6891591226263261,1.0661193,False,True
SEt,raw,b-20,71vgq3fw,S2060,0.02458094,0.043087386,0.1042819934109661,0.16132274,True,True
SEt,raw,b-20,9luzk4jm,S2088,0.123990536,0.18998915,0.5260164954158829,0.81373996,False,True
SEt,raw,blur1.5,4ih2ggld,S2316,0.14039706,0.2358366,0.5956193948061723,0.9214147,True,True
SEt,raw,blur1.5,f1vzngrs,S2148,0.1957897,0.3282217,0.8306166956898056,1.2849522,True,True
SEt,raw,blur1.5,rxax5ozo,S2068,0.15391918,0.2831971,0.6529855256347888,1.0101593,False,False
SEt,raw,blur1.5,0grcilhi,S1904,0.14717169,0.2846969,0.6243600505172724,0.96587604,False,False
SEt,raw,blur1.5,71vgq3fw,S2060,0.16691305,0.27746803,0.7081106289976885,1.095437,True,False
SEt,raw,blur1.5,9luzk4jm,S2088,0.14882669,0.24793492,0.6313811990498485,0.9767377,False,True
SEt,raw,c0.7,4ih2ggld,S2316,0.037199713,0.0670124,0.15781577762349203,0.24413875,True,True
SEt,raw,c0.7,f1vzngrs,S2148,0.03710961,0.07967533,0.15743352281874384,0.24354741,True,True
SEt,raw,c0.7,rxax5ozo,S2068,0.033622243,0.06278135,0.1426387430968557,0.22066009,False,False
SEt,raw,c0.7,0grcilhi,S1904,0.033383466,0.07407473,0.14162576075240876,0.21909302,False,False
SEt,raw,c0.7,71vgq3fw,S2060,0.03259462,0.055699073,0.13827917027303382,0.2139159,True,True
SEt,raw,c0.7,9luzk4jm,S2088,0.0388489,0.067884274,0.1648122716931166,0.25496224,False,True
SEt,raw,c1.3,4ih2ggld,S2316,0.079130486,0.15627676,0.3357025638860582,0.51932704,True,True
SEt,raw,c1.3,f1vzngrs,S2148,0.121141635,0.20459506,0.5139303403362147,0.7950429,True,True
SEt,raw,c1.3,rxax5ozo,S2068,0.108430564,0.184799,0.4600049926787621,0.7116211,False,False
SEt,raw,c1.3,0grcilhi,S1904,0.13466042,0.22359212,0.5712823422610628,0.8837656,False,True
SEt,raw,c1.3,71vgq3fw,S2060,0.025799952,0.049489632,0.10945351988132296,0.16932303,True,True
SEt,raw,c1.3,9luzk4jm,S2088,0.11185463,0.18926972,0.4745312126000514,0.734093,False,True
SEt,raw,g0.7,4ih2ggld,S2316,0.09093941,0.13161226,0.3858006538614397,0.5968281,True,True
SEt,raw,g0.7,f1vzngrs,S2148,0.09003919,0.13907105,0.38198158272539995,0.59092003,True,True
SEt,raw,g0.7,rxax5ozo,S2068,0.09452982,0.14074929,0.4010325919805718,0.62039167,False,False
SEt,raw,g0.7,0grcilhi,S1904,0.08599832,0.14519072,0.36483860764467085,0.5644001,False,True
SEt,raw,g0.7,71vgq3fw,S2060,0.052512832,0.07985751,0.2227800346343205,0.3446375,True,True
SEt,raw,g0.7,9luzk4jm,S2088,0.10664179,0.14966345,0.4524163173740148,0.69988155,False,False
SEt,raw,g1.4,4ih2ggld,S2316,0.08151389,0.11826384,0.34581389648331395,0.53496915,True,True
SEt,raw,g1.4,f1vzngrs,S2148,0.10143102,0.15789834,0.43031017764315455,0.6656837,True,True
SEt,raw,g1.4,rxax5ozo,S2068,0.10227034,0.15285937,0.43387091425906305,0.6711921,False,False
SEt,raw,g1.4,0grcilhi,S1904,0.095020525,0.15236026,0.4031143452939648,0.6236121,False,False
SEt,raw,g1.4,71vgq3fw,S2060,0.07405165,0.112047315,0.3141561436807679,0.48599505,True,True
SEt,raw,g1.4,9luzk4jm,S2088,0.081708625,0.12506962,0.3466400422501889,0.5362472,False,True
SEt,raw,noise10,4ih2ggld,S2316,0.15457186,0.27100492,0.6557544746905252,1.0144428,True,True
SEt,raw,noise10,f1vzngrs,S2148,0.15047202,0.2952891,0.6383613200274104,0.98753583,True,True
SEt,raw,noise10,rxax5ozo,S2068,0.19116476,0.34749442,0.8109959154741683,1.2545991,False,False
SEt,raw,noise10,0grcilhi,S1904,0.22549641,0.38713968,0.9566442415068238,1.4799149,False,True
SEt,raw,noise10,71vgq3fw,S2060,0.23869392,0.41568273,1.0126332625381715,1.5665292,True,False
SEt,raw,noise10,9luzk4jm,S2088,0.22443612,0.358854,0.9521460663496145,1.4729563,False,False
SEt,rz,b+20,4ih2ggld,S2316,0.0,0.0,0.0,0.0,True,True
SEt,rz,b+20,f1vzngrs,S2148,0.0,0.0,0.0,0.0,True,True
SEt,rz,b+20,rxax5ozo,S2068,0.0,0.0,0.0,0.0,False,False
SEt,rz,b+20,0grcilhi,S1904,0.0,0.0,0.0,0.0,False,False
SEt,rz,b+20,71vgq3fw,S2060,0.0,0.0,0.0,0.0,True,True
SEt,rz,b+20,9luzk4jm,S2088,0.0,0.0,0.0,0.0,True,True
SEt,rz,b-20,4ih2ggld,S2316,0.07643122,0.1286282,0.3184985715935588,0.51814044,True,True
SEt,rz,b-20,f1vzngrs,S2148,0.0,0.0,0.0,0.0,True,True
SEt,rz,b-20,rxax5ozo,S2068,0.0,0.0,0.0,0.0,False,False
SEt,rz,b-20,0grcilhi,S1904,0.16184244,0.25602514,0.6744179019662533,1.0971577,False,False
SEt,rz,b-20,71vgq3fw,S2060,0.0,0.0,0.0,0.0,True,True
SEt,rz,b-20,9luzk4jm,S2088,0.0,0.0,0.0,0.0,True,True
SEt,rz,blur1.5,4ih2ggld,S2316,0.34725583,0.4887023,1.4470589542734456,2.3541071,True,True
SEt,rz,blur1.5,f1vzngrs,S2148,0.3280569,0.51150846,1.3670546080671946,2.2239542,True,True
SEt,rz,blur1.5,rxax5ozo,S2068,0.32466528,0.51459515,1.3529212839198197,2.2009618,False,False
SEt,rz,blur1.5,0grcilhi,S1904,0.25772458,0.38170904,1.0739709397588504,1.7471594,False,False
SEt,rz,blur1.5,71vgq3fw,S2060,0.35061428,0.54089725,1.461054054898132,2.3768747,True,False
SEt,rz,blur1.5,9luzk4jm,S2088,0.37561026,0.5381242,1.5652154765426356,2.5463266,True,False
SEt,rz,c0.7,4ih2ggld,S2316,0.0064402265,0.018372566,0.02683723831410241,0.043659404,True,True
SEt,rz,c0.7,f1vzngrs,S2148,0.007630595,0.021626502,0.0317976546491447,0.05172912,True,True
SEt,rz,c0.7,rxax5ozo,S2068,0.009646731,0.02636924,0.04019915016102216,0.06539685,False,False
SEt,rz,c0.7,0grcilhi,S1904,0.0074276202,0.0215787,0.03095183310563864,0.050353117,False,False
SEt,rz,c0.7,71vgq3fw,S2060,0.010207203,0.026271002,0.042534707000670385,0.06919639,True,True
SEt,rz,c0.7,9luzk4jm,S2088,0.020384798,0.05795224,0.0849460311893094,0.13819206,True,True
SEt,rz,c1.3,4ih2ggld,S2316,0.064581215,0.11337841,0.26911809392308844,0.4378072,True,True
SEt,rz,c1.3,f1vzngrs,S2148,0.004405903,0.011624759,0.01835995582583629,0.029868377,True,True
SEt,rz,c1.3,rxax5ozo,S2068,0.004727626,0.01253001,0.019700616493903825,0.03204939,False,False
SEt,rz,c1.3,0grcilhi,S1904,0.12180217,0.20587225,0.5075650649973837,0.8257179,False,False
SEt,rz,c1.3,71vgq3fw,S2060,0.0039309924,0.010925753,0.016380942790690044,0.026648875,True,True
SEt,rz,c1.3,9luzk4jm,S2088,0.012151913,0.03472901,0.0506385577784659,0.08237991,True,True
SEt,rz,g0.7,4ih2ggld,S2316,0.054649245,0.1047186,0.22773031693804513,0.37047666,True,True
SEt,rz,g0.7,f1vzngrs,S2148,0.03669928,0.06688851,0.1529305427594356,0.24879074,True,True
SEt,rz,g0.7,rxax5ozo,S2068,0.042710096,0.08608391,0.17797837131222768,0.2895391,False,False
SEt,rz,g0.7,0grcilhi,S1904,0.09060928,0.18494081,0.3775803410969911,0.61425596,False,False
SEt,rz,g0.7,71vgq3fw,S2060,0.040737636,0.08073803,0.16975888407660358,0.27616745,True,True
SEt,rz,g0.7,9luzk4jm,S2088,0.042279568,0.090714626,0.17618430636461166,0.28662047,True,True
SEt,rz,g1.4,4ih2ggld,S2316,0.05677047,0.10243062,0.23656972984247399,0.3848568,True,True
SEt,rz,g1.4,f1vzngrs,S2148,0.056763697,0.10330713,0.2365415076542162,0.3848109,True,True
SEt,rz,g1.4,rxax5ozo,S2068,0.087860666,0.16613828,0.36612651036349214,0.5956226,False,False
SEt,rz,g1.4,0grcilhi,S1904,0.088769354,0.15258816,0.36991312700188383,0.60178274,False,False
SEt,rz,g1.4,71vgq3fw,S2060,0.045371078,0.097860865,0.1890670212115262,0.30757836,True,True
SEt,rz,g1.4,9luzk4jm,S2088,0.0829067,0.16271171,0.3454827092694379,0.56203884,True,False
SEt,rz,noise10,4ih2ggld,S2316,0.1576624,0.2578708,0.6569991922115472,1.0688206,True,True
SEt,rz,noise10,f1vzngrs,S2148,0.13810429,0.2991311,0.5754980454597423,0.9362328,True,True
SEt,rz,noise10,rxax5ozo,S2068,0.18361472,0.3509385,0.7651457482851141,1.2447557,False,False
SEt,rz,noise10,0grcilhi,S1904,0.21957052,0.4211959,0.914978121933582,1.4885063,False,True
SEt,rz,noise10,71vgq3fw,S2060,0.23910992,0.43625236,0.9964012773356581,1.6209674,True,False
SEt,rz,noise10,9luzk4jm,S2088,0.17579411,0.33307993,0.7325562928225863,1.1917386,True,False
SEt,heq,b+20,4ih2ggld,S2316,0.00028260113,0.0013551303,0.0011671602696468322,0.0015852936,True,True
SEt,heq,b+20,f1vzngrs,S2148,0.0003581581,0.0014800628,0.0014792152920317689,0.0020091417,True,True
SEt,heq,b+20,rxax5ozo,S2068,0.00026447428,0.0012842002,0.0010922952296863607,0.0014836083,False,False
SEt,heq,b+20,0grcilhi,S1904,0.00021967883,0.0012810542,0.0009072872261002375,0.0012323214,False,False
SEt,heq,b+20,71vgq3fw,S2060,0.0,0.0,0.0,0.0,True,True
SEt,heq,b+20,9luzk4jm,S2088,0.0,0.0,0.0,0.0,True,True
SEt,heq,b-20,4ih2ggld,S2316,0.08934709,0.1773746,0.36900902974961414,0.5012059,True,True
SEt,heq,b-20,f1vzngrs,S2148,0.08690231,0.13213864,0.35891196132555375,0.48749158,True,True
SEt,heq,b-20,rxax5ozo,S2068,0.13133311,0.20903832,0.5424139298537988,0.73673284,False,False
SEt,heq,b-20,0grcilhi,S1904,0.18447235,0.31103137,0.7618822966452099,1.0348254,False,True
SEt,heq,b-20,71vgq3fw,S2060,0.016832143,0.03159497,0.06951779852535363,0.09442244,True,True
SEt,heq,b-20,9luzk4jm,S2088,0.16032499,0.23433647,0.6621521906188138,0.89936715,True,True
SEt,heq,blur1.5,4ih2ggld,S2316,0.42985332,0.602725,1.7753209667004755,2.411327,True,True
SEt,heq,blur1.5,f1vzngrs,S2148,0.4294666,0.60949785,1.7737238099480637,2.4091575,True,True
SEt,heq,blur1.5,rxax5ozo,S2068,0.38886747,0.562412,1.6060468449486438,2.1814106,False,False
SEt,heq,blur1.5,0grcilhi,S1904,0.2954816,0.48332956,1.2203573678177644,1.6575484,False,False
SEt,heq,blur1.5,71vgq3fw,S2060,0.34079048,0.5036603,1.4074858951672082,1.9117154,True,False
SEt,heq,blur1.5,9luzk4jm,S2088,0.35163996,0.48045522,1.452294905756146,1.9725772,True,True
SEt,heq,c0.7,4ih2ggld,S2316,0.01050624,0.031157454,0.043391423963554485,0.05893633,True,True
SEt,heq,c0.7,f1vzngrs,S2148,0.0025719756,0.011332656,0.010622419226187233,0.014427884,True,True
SEt,heq,c0.7,rxax5ozo,S2068,0.0052019865,0.018885277,0.02148452812712629,0.029181326,False,False
SEt,heq,c0.7,0grcilhi,S1904,0.0057739923,0.022051547,0.023846947487183433,0.032390077,False,False
SEt,heq,c0.7,71vgq3fw,S2060,0.009181283,0.029993385,0.037919271955657446,0.05150379,True,True
SEt,heq,c0.7,9luzk4jm,S2088,0.00023584423,0.0006491311,0.0009740513445179931,0.0013230037,True,True
SEt,heq,c1.3,4ih2ggld,S2316,0.08402602,0.16730218,0.3470326771804277,0.47135657,True,True
SEt,heq,c1.3,f1vzngrs,S2148,0.077658996,0.11954224,0.32073648701322666,0.4356398,True,True
SEt,heq,c1.3,rxax5ozo,S2068,0.119902045,0.18975954,0.495202906778477,0.67260855,False,False
SEt,heq,c1.3,0grcilhi,S1904,0.15461975,0.25671628,0.6385892051028822,0.86736274,False,False
SEt,heq,c1.3,71vgq3fw,S2060,0.00022103955,0.0012738203,0.000912907086413438,0.0012399546,True,True
SEt,heq,c1.3,9luzk4jm,S2088,0.14286007,0.21270956,0.5900209803528941,0.80139506,True,True
SEt,heq,g0.7,4ih2ggld,S2316,0.0008061364,0.0033166679,0.0033293935318087276,0.0045221434,True,True
SEt,heq,g0.7,f1vzngrs,S2148,0.00051994383,0.0026049565,0.0021474003840657057,0.002916703,True,True
SEt,heq,g0.7,rxax5ozo,S2068,0.00036736194,0.0015544199,0.0015172276598571276,0.002060772,False,False
SEt,heq,g0.7,0grcilhi,S1904,0.00032505475,0.0015293618,0.0013424963294398752,0.0018234435,False,False
SEt,heq,g0.7,71vgq3fw,S2060,0.0005111833,0.0025070626,0.0021112187920548304,0.0028675594,True,True
SEt,heq,g0.7,9luzk4jm,S2088,0.00010236037,0.0,0.0004227546952341966,0.0005742059,True,True
SEt,heq,g1.4,4ih2ggld,S2316,0.0104446355,0.030035404,0.04313699480659695,0.058590755,True,True
SEt,heq,g1.4,f1vzngrs,S2148,0.0090651,0.022141756,0.03743942718930962,0.05085204,True,True
SEt,heq,g1.4,rxax5ozo,S2068,0.020523526,0.04066181,0.08476343885800114,0.115129806,False,False
SEt,heq,g1.4,0grcilhi,S1904,0.02745834,0.05552927,0.11340465294990561,0.15403168,False,False
SEt,heq,g1.4,71vgq3fw,S2060,0.013301751,0.03078729,0.05493705808128752,0.07461817,True,True
SEt,heq,g1.4,9luzk4jm,S2088,0.036628958,0.06476378,0.15127987570143472,0.20547564,True,True
SEt,heq,noise10,4ih2ggld,S2316,0.21680903,0.34141502,0.8954348063153921,1.2162229,True,False
SEt,heq,noise10,f1vzngrs,S2148,0.22347587,0.3994846,0.922969266844681,1.2536215,True,True
SEt,heq,noise10,rxax5ozo,S2068,0.3028564,0.45674467,1.2508157231261487,1.6989185,False,False
SEt,heq,noise10,0grcilhi,S1904,0.27555582,0.44908792,1.1380626845294544,1.5457718,False,True
SEt,heq,noise10,71vgq3fw,S2060,0.40227783,0.6012779,1.661432464860794,2.256638,True,False
SEt,heq,noise10,9luzk4jm,S2088,0.31003222,0.45790684,1.2804523599944053,1.7391723,True,False
Inlens,raw,b+20,4ih2ggld,S2316,0.049483016,0.0808651,0.1944077755689402,0.34599328,False,True
Inlens,raw,b+20,f1vzngrs,S2148,0.03995613,0.07633752,0.15697875710937495,0.27937976,True,True
Inlens,raw,b+20,rxax5ozo,S2068,0.039456543,0.08046076,0.15501598880332232,0.27588654,True,False
Inlens,raw,b+20,0grcilhi,S1904,0.038377594,0.07415694,0.15077704035957656,0.26834238,True,True
Inlens,raw,b+20,71vgq3fw,S2060,0.03399372,0.051979844,0.1335537766479526,0.23768961,True,True
Inlens,raw,b+20,9luzk4jm,S2088,0.033385355,0.057881683,0.13116364187678825,0.23343582,True,True
Inlens,raw,b-20,4ih2ggld,S2316,0.05557069,0.10355981,0.21832490071378197,0.38855928,False,True
Inlens,raw,b-20,f1vzngrs,S2148,0.053129453,0.09854209,0.20873381663553936,0.37148976,True,True
Inlens,raw,b-20,rxax5ozo,S2068,0.050162233,0.1049052,0.19707626934010317,0.35074246,True,True
Inlens,raw,b-20,0grcilhi,S1904,0.05589588,0.10006861,0.21960249227106043,0.39083305,True,True
Inlens,raw,b-20,71vgq3fw,S2060,0.061331596,0.113792196,0.24095821407026055,0.42884046,True,True
Inlens,raw,b-20,9luzk4jm,S2088,0.03202352,0.065349944,0.12581329181450865,0.22391364,True,True
Inlens,raw,blur1.5,4ih2ggld,S2316,0.19741525,0.27927437,0.775600643219669,1.3803594,False,True
Inlens,raw,blur1.5,f1vzngrs,S2148,0.17810632,0.31694043,0.6997401684947704,1.2453483,True,True
Inlens,raw,blur1.5,rxax5ozo,S2068,0.18256006,0.3419447,0.7172378980735258,1.2764895,True,True
Inlens,raw,blur1.5,0grcilhi,S1904,0.20211853,0.32730877,0.7940787983040719,1.4132456,True,False
Inlens,raw,blur1.5,71vgq3fw,S2060,0.17766364,0.29355684,0.6980009626118198,1.242253,True,False
Inlens,raw,blur1.5,9luzk4jm,S2088,0.17520395,0.28097063,0.6883373872287245,1.2250544,True,False
Inlens,raw,c0.7,4ih2ggld,S2316,0.059598524,0.09264673,0.23414935885908444,0.41672254,False,True
Inlens,raw,c0.7,f1vzngrs,S2148,0.05208711,0.09536885,0.20463867993447127,0.36420152,True,True
Inlens,raw,c0.7,rxax5ozo,S2068,0.036894355,0.075010665,0.14494972297772415,0.25797132,True,False
Inlens,raw,c0.7,0grcilhi,S1904,0.039025966,0.08060687,0.15332434939337222,0.27287588,True,True
Inlens,raw,c0.7,71vgq3fw,S2060,0.048516423,0.07510324,0.1906102439946386,0.3392347,True,True
Inlens,raw,c0.7,9luzk4jm,S2088,0.028594341,0.059937127,0.11234081281110521,0.19993627,True,True
Inlens,raw,c1.3,4ih2ggld,S2316,0.075017594,0.13149804,0.29472745760083163,0.5245352,False,True
Inlens,raw,c1.3,f1vzngrs,S2148,0.08872426,0.1717359,0.3485779153956118,0.62037444,True,True
Inlens,raw,c1.3,rxax5ozo,S2068,0.09019656,0.17391658,0.35436223268587175,0.63066894,True,True
Inlens,raw,c1.3,0grcilhi,S1904,0.08615933,0.17779313,0.3385008775933588,0.60244006,True,True
Inlens,raw,c1.3,71vgq3fw,S2060,0.045632955,0.081604436,0.17928173960566274,0.31907302,True,True
Inlens,raw,c1.3,9luzk4jm,S2088,0.076247886,0.13401699,0.2995610015929208,0.53313756,True,True
Inlens,raw,g0.7,4ih2ggld,S2316,0.0717275,0.114944726,0.2818014076034195,0.5015303,False,False
Inlens,raw,g0.7,f1vzngrs,S2148,0.104828574,0.15996042,0.41184817405831936,0.7329784,True,True
Inlens,raw,g0.7,rxax5ozo,S2068,0.09427616,0.14143369,0.3703900850697242,0.65919423,True,False
Inlens,raw,g0.7,0grcilhi,S1904,0.08308254,0.13233496,0.3264128463993496,0.5809266,True,True
Inlens,raw,g0.7,71vgq3fw,S2060,0.08311329,0.12846123,0.3265336506049329,0.5811416,True,True
Inlens,raw,g0.7,9luzk4jm,S2088,0.0839861,0.10979894,0.32996273959729194,0.58724445,True,True
Inlens,raw,g1.4,4ih2ggld,S2316,0.0757267,0.12187336,0.29751338933487326,0.5294934,False,True
Inlens,raw,g1.4,f1vzngrs,S2148,0.08598607,0.1372924,0.3378201647751277,0.60122854,True,True
Inlens,raw,g1.4,rxax5ozo,S2068,0.082503065,0.13396911,0.32413621255068326,0.5768748,True,False
Inlens,raw,g1.4,0grcilhi,S1904,0.08429973,0.14242208,0.3311949015138955,0.58943737,True,True
Inlens,raw,g1.4,71vgq3fw,S2060,0.088971496,0.13897267,0.3495492374101188,0.62210315,True,True
Inlens,raw,g1.4,9luzk4jm,S2088,0.07672835,0.109478265,0.30144864414330846,0.53649706,True,True
Inlens,raw,noise10,4ih2ggld,S2316,0.14935328,0.27016354,0.5867758543555752,1.0443023,False,True
Inlens,raw,noise10,f1vzngrs,S2148,0.121170476,0.2717836,0.4760518771871877,0.8472436,True,True
Inlens,raw,noise10,rxax5ozo,S2068,0.13901302,0.28566748,0.5461512763323264,0.9720016,True,False
Inlens,raw,noise10,0grcilhi,S1904,0.12730479,0.2969075,0.5001522430218651,0.89013577,True,True
Inlens,raw,noise10,71vgq3fw,S2060,0.21442583,0.42273724,0.8424314499702711,1.4993002,True,False
Inlens,raw,noise10,9luzk4jm,S2088,0.2261734,0.3649308,0.8885850377283893,1.5814412,True,False
Inlens,rz,b+20,4ih2ggld,S2316,0.0,0.0,0.0,0.0,False,False
Inlens,rz,b+20,f1vzngrs,S2148,0.0,0.0,0.0,0.0,True,True
Inlens,rz,b+20,rxax5ozo,S2068,0.034096003,0.073223755,0.1298361412180284,0.23275864,False,False
Inlens,rz,b+20,0grcilhi,S1904,0.024862824,0.06260222,0.09467658625113726,0.16972773,True,True
Inlens,rz,b+20,71vgq3fw,S2060,0.0,0.0,0.0,0.0,True,True
Inlens,rz,b+20,9luzk4jm,S2088,0.0,0.0,0.0,0.0,True,True
Inlens,rz,b-20,4ih2ggld,S2316,0.07511938,0.13124904,0.28605144779306113,0.5128075,False,False
Inlens,rz,b-20,f1vzngrs,S2148,0.015179635,0.02875688,0.05780341059822709,0.10362479,True,True
Inlens,rz,b-20,rxax5ozo,S2068,0.04853043,0.08812187,0.18480183114086424,0.3312962,False,False
Inlens,rz,b-20,0grcilhi,S1904,0.043205466,0.08130103,0.16452459457027244,0.294945,True,True
Inlens,rz,b-20,71vgq3fw,S2060,0.042709246,0.095475525,0.16263501031348343,0.29155752,True,True
Inlens,rz,b-20,9luzk4jm,S2088,0.0,0.0,0.0,0.0,True,True
Inlens,rz,blur1.5,4ih2ggld,S2316,0.27368885,0.38026667,1.042195619800233,1.8683552,False,True
Inlens,rz,blur1.5,f1vzngrs,S2148,0.28196877,0.43476218,1.073725204863343,1.9248786,True,True
Inlens,rz,blur1.5,rxax5ozo,S2068,0.18597893,0.32558447,0.7081999452739475,1.2695976,False,True
Inlens,rz,blur1.5,0grcilhi,S1904,0.18704829,0.3217908,0.7122719927509548,1.2768975,True,False
Inlens,rz,blur1.5,71vgq3fw,S2060,0.26840678,0.38326204,1.0220817037520649,1.8322967,True,False
Inlens,rz,blur1.5,9luzk4jm,S2088,0.33527645,0.4879042,1.276718612902311,2.2887871,True,False
Inlens,rz,c0.7,4ih2ggld,S2316,0.004038425,0.0103546735,0.01537815286344758,0.027568579,False,False
Inlens,rz,c0.7,f1vzngrs,S2148,0.003185419,0.01150864,0.01212994095707301,0.021745475,True,True
Inlens,rz,c0.7,rxax5ozo,S2068,0.0040351036,0.013604678,0.01536550449544566,0.027545903,False,False
Inlens,rz,c0.7,0grcilhi,S1904,0.0030226845,0.012139075,0.011510255152860705,0.020634558,True,True
Inlens,rz,c0.7,71vgq3fw,S2060,0.0074231625,0.020235743,0.02826708988121946,0.050674714,True,True
Inlens,rz,c0.7,9luzk4jm,S2088,0.013232694,0.026430516,0.05038954123374481,0.09033387,True,True
Inlens,rz,c1.3,4ih2ggld,S2316,0.08471194,0.1507765,0.3225794948243976,0.5782917,False,False
Inlens,rz,c1.3,f1vzngrs,S2148,0.049222942,0.094513506,0.18743889085735557,0.3360237,True,True
Inlens,rz,c1.3,rxax5ozo,S2068,0.093621455,0.18408227,0.35650655649766566,0.6391131,False,False
Inlens,rz,c1.3,0grcilhi,S1904,0.07625221,0.1590479,0.29036519205292743,0.5205408,True,True
Inlens,rz,c1.3,71vgq3fw,S2060,0.021155372,0.051127933,0.0805587662127343,0.14441855,True,True
Inlens,rz,c1.3,9luzk4jm,S2088,0.006192003,0.013936256,0.023578886191547296,0.04227012,True,True
Inlens,rz,g0.7,4ih2ggld,S2316,0.06521107,0.10243426,0.24832101671928242,0.44516772,False,False
Inlens,rz,g0.7,f1vzngrs,S2148,0.050073124,0.10557054,0.19067634819315232,0.3418275,True,True
Inlens,rz,g0.7,rxax5ozo,S2068,0.08701274,0.12502798,0.3313408400669297,0.59399825,False,False
Inlens,rz,g0.7,0grcilhi,S1904,0.07345518,0.12726551,0.2797142199963608,0.50144666,True,True
Inlens,rz,g0.7,71vgq3fw,S2060,0.062073328,0.10849471,0.23637261610535654,0.42374772,True,True
Inlens,rz,g0.7,9luzk4jm,S2088,0.046350364,0.08003385,0.17650023182130886,0.31641385,True,True
Inlens,rz,g1.4,4ih2ggld,S2316,0.06547148,0.121228024,0.24931262891058492,0.4469454,False,False
Inlens,rz,g1.4,f1vzngrs,S2148,0.07934472,0.13632935,0.3021413493086262,0.541652,True,True
Inlens,rz,g1.4,rxax5ozo,S2068,0.089918986,0.13748659,0.3424077098978749,0.61383796,False,False
Inlens,rz,g1.4,0grcilhi,S1904,0.0944211,0.16380626,0.3595515841551268,0.64457196,True,True
Inlens,rz,g1.4,71vgq3fw,S2060,0.07236028,0.12695628,0.2755448866561743,0.49397224,True,True
Inlens,rz,g1.4,9luzk4jm,S2088,0.061971497,0.10879439,0.23598484867024375,0.42305255,True,True
Inlens,rz,noise10,4ih2ggld,S2316,0.14298147,0.25153482,0.5444674119708974,0.97607255,False,True
Inlens,rz,noise10,f1vzngrs,S2148,0.11442934,0.24087636,0.4357421044622767,0.7811595,True,True
Inlens,rz,noise10,rxax5ozo,S2068,0.10806752,0.2482175,0.4115165626988001,0.73773015,False,False
Inlens,rz,noise10,0grcilhi,S1904,0.104996264,0.26490736,0.39982134932401425,0.716764,True,True
Inlens,rz,noise10,71vgq3fw,S2060,0.21840404,0.39595878,0.8316733810909784,1.4909497,True,False
Inlens,rz,noise10,9luzk4jm,S2088,0.14304455,0.30613792,0.544707605064416,0.97650313,True,False
Inlens,heq,b+20,4ih2ggld,S2316,0.004250594,0.0061428123,0.014225743572456154,0.028544178,True,True
Inlens,heq,b+20,f1vzngrs,S2148,0.009490563,0.014088471,0.031762692829120864,0.06373234,True,True
Inlens,heq,b+20,rxax5ozo,S2068,0.024542606,0.04718744,0.08213835917651303,0.16481191,True,True
Inlens,heq,b+20,0grcilhi,S1904,0.02211296,0.046070203,0.07400690404574756,0.14849602,True,True
Inlens,heq,b+20,71vgq3fw,S2060,0.00031734313,0.0014317123,0.0010620732253336152,0.0021310665,False,False
Inlens,heq,b+20,9luzk4jm,S2088,0.008821341,0.017717894,0.02952296538047018,0.059238292,True,True
Inlens,heq,b-20,4ih2ggld,S2316,0.033613235,0.07155667,0.1124956333252299,0.22572425,True,True
Inlens,heq,b-20,f1vzngrs,S2148,0.013586829,0.042666845,0.04547193958192067,0.09124016,True,True
Inlens,heq,b-20,rxax5ozo,S2068,0.010395296,0.021217987,0.03479062358334238,0.06980793,True,True
Inlens,heq,b-20,0grcilhi,S1904,0.018993936,0.05203655,0.06356826199305575,0.12755072,True,True
Inlens,heq,b-20,71vgq3fw,S2060,0.00718329,0.018745638,0.02404079147602015,0.048238225,False,False
Inlens,heq,b-20,9luzk4jm,S2088,0.0047476036,0.012932932,0.0158891184515522,0.031881765,True,True
Inlens,heq,blur1.5,4ih2ggld,S2316,0.43980592,0.6336801,1.4719275433207586,2.9534457,True,True
Inlens,heq,blur1.5,f1vzngrs,S2148,0.320665,0.53418934,1.0731907455447045,2.1533742,True,True
Inlens,heq,blur1.5,rxax5ozo,S2068,0.40094867,0.641598,1.3418814130513625,2.692506,True,False
Inlens,heq,blur1.5,0grcilhi,S1904,0.3891027,0.61609435,1.3022357022201971,2.6129563,True,True
Inlens,heq,blur1.5,71vgq3fw,S2060,0.36238068,0.5803725,1.2128033728214078,2.433509,False,True
Inlens,heq,blur1.5,9luzk4jm,S2088,0.31702146,0.4852888,1.060996661065829,2.1289065,True,False
Inlens,heq,c0.7,4ih2ggld,S2316,0.0023610685,0.0100541,0.007901943932910379,0.015855374,True,True
Inlens,heq,c0.7,f1vzngrs,S2148,0.00023065775,0.0011977268,0.0007719575352457,0.001548945,True,True
Inlens,heq,c0.7,rxax5ozo,S2068,0.0030031782,0.013457805,0.010050934758794946,0.020167358,True,True
Inlens,heq,c0.7,0grcilhi,S1904,0.0021594623,0.009878705,0.007227215172646243,0.01450152,True,True
Inlens,heq,c0.7,71vgq3fw,S2060,0.0072137704,0.03133662,0.024142801994033597,0.04844291,False,False
Inlens,heq,c0.7,9luzk4jm,S2088,0.00019968518,0.0,0.0006682995795485237,0.0013409536,True,True
Inlens,heq,c1.3,4ih2ggld,S2316,0.035678636,0.08454333,0.11940804905129204,0.23959413,True,True
Inlens,heq,c1.3,f1vzngrs,S2148,0.028774476,0.06726117,0.09630143865524513,0.19323035,True,True
Inlens,heq,c1.3,rxax5ozo,S2068,0.049235456,0.10343313,0.16477955215918597,0.33063275,True,True
Inlens,heq,c1.3,0grcilhi,S1904,0.047543705,0.10613082,0.1591176567175612,0.31927207,True,True
Inlens,heq,c1.3,71vgq3fw,S2060,0.0036840069,0.007055518,0.012329509145499623,0.024739353,False,False
Inlens,heq,c1.3,9luzk4jm,S2088,0.022071237,0.045044847,0.07386726608415496,0.14821583,True,True
Inlens,heq,g0.7,4ih2ggld,S2316,0.0012390135,0.0054112356,0.004146688361992833,0.008320395,True,True
Inlens,heq,g0.7,f1vzngrs,S2148,0.0,0.0,0.0,0.0,True,True
Inlens,heq,g0.7,rxax5ozo,S2068,0.0016632087,0.0066964286,0.005566370452374368,0.01116901,True,True
Inlens,heq,g0.7,0grcilhi,S1904,5.668953e-05,0.0,0.00018972659079161954,0.0003806894,True,True
Inlens,heq,g0.7,71vgq3fw,S2060,0.00060710177,0.0028694514,0.0020318276020026014,0.004076894,False,False
Inlens,heq,g0.7,9luzk4jm,S2088,0.00023881384,0.0,0.0007992540489138568,0.0016037158,True,True
Inlens,heq,g1.4,4ih2ggld,S2316,0.003440035,0.013641113,0.011512992528910564,0.023101,True,True
Inlens,heq,g1.4,f1vzngrs,S2148,0.0022046696,0.006562693,0.0073785135274155745,0.014805104,True,True
Inlens,heq,g1.4,rxax5ozo,S2068,0.00335712,0.0133507345,0.011235495587122231,0.022544198,True,True
Inlens,heq,g1.4,0grcilhi,S1904,0.00360849,0.006186749,0.012076772227313995,0.024232233,True,True
Inlens,heq,g1.4,71vgq3fw,S2060,0.006363364,0.030266425,0.02129669046332951,0.042732146,False,False
Inlens,heq,g1.4,9luzk4jm,S2088,0.0,0.0,0.0,0.0,True,True
Inlens,heq,noise10,4ih2ggld,S2316,0.15148735,0.30860427,0.5069927233631295,1.0172888,True,True
Inlens,heq,noise10,f1vzngrs,S2148,0.20156811,0.36170816,0.6746013156888311,1.3535981,True,True
Inlens,heq,noise10,rxax5ozo,S2068,0.14814368,0.3188121,0.4958022368625003,0.99483496,True,True
Inlens,heq,noise10,0grcilhi,S1904,0.14552987,0.33215398,0.48705441727573007,0.97728235,True,True
Inlens,heq,noise10,71vgq3fw,S2060,0.24499047,0.40809858,0.8199257839137789,1.6451939,False,False
Inlens,heq,noise10,9luzk4jm,S2088,0.21292123,0.37397152,0.712597553098684,1.4298382,True,False
