chan,norm,fid,src,pert,dz
BSE,raw,4ih2ggld,S2316,b+20,-0.5717804557379019
BSE,raw,4ih2ggld,S2316,b-20,2.7276835519532145
BSE,raw,4ih2ggld,S2316,c0.7,-1.5931177638207394
BSE,raw,4ih2ggld,S2316,c1.3,1.038370104487011
BSE,raw,4ih2ggld,S2316,g0.7,4.015281216506992
BSE,raw,4ih2ggld,S2316,g1.4,1.0070725397413545
BSE,raw,4ih2ggld,S2316,blur1.5,3.304362730221129
BSE,raw,4ih2ggld,S2316,noise10,2.0036054006936643
BSE,raw,f1vzngrs,S2148,b+20,-0.48458227233078977
BSE,raw,f1vzngrs,S2148,b-20,5.9102741969831145
BSE,raw,f1vzngrs,S2148,c0.7,2.1717853750469045
BSE,raw,f1vzngrs,S2148,c1.3,0.9445176461216561
BSE,raw,f1vzngrs,S2148,g0.7,2.203316673387993
BSE,raw,f1vzngrs,S2148,g1.4,5.722961892759436
BSE,raw,f1vzngrs,S2148,blur1.5,1.562587968097058
BSE,raw,f1vzngrs,S2148,noise10,4.408286345041642
BSE,raw,rxax5ozo,S2068,b+20,0.25200408866747104
BSE,raw,rxax5ozo,S2068,b-20,0.9468204486461849
BSE,raw,rxax5ozo,S2068,c0.7,-0.17888525728031546
BSE,raw,rxax5ozo,S2068,c1.3,2.853416093744399
BSE,raw,rxax5ozo,S2068,g0.7,4.4331760296252245
BSE,raw,rxax5ozo,S2068,g1.4,2.7090091197532247
BSE,raw,rxax5ozo,S2068,blur1.5,3.523618681933737
BSE,raw,rxax5ozo,S2068,noise10,3.592897277316892
BSE,raw,0grcilhi,S1904,b+20,-1.321411585429594
BSE,raw,0grcilhi,S1904,b-20,0.4400831126781366
BSE,raw,0grcilhi,S1904,c0.7,-0.5217308791110664
BSE,raw,0grcilhi,S1904,c1.3,-1.26209376200325
BSE,raw,0grcilhi,S1904,g0.7,1.5251814065455598
BSE,raw,0grcilhi,S1904,g1.4,0.8502836215387788
BSE,raw,0grcilhi,S1904,blur1.5,-2.5507089989366145
BSE,raw,0grcilhi,S1904,noise10,2.1033601101652
BSE,raw,71vgq3fw,S2060,b+20,0.21560625653223564
BSE,raw,71vgq3fw,S2060,b-20,-1.3603270667144276
BSE,raw,71vgq3fw,S2060,c0.7,-3.2507726470210625
BSE,raw,71vgq3fw,S2060,c1.3,-0.8595726146224525
BSE,raw,71vgq3fw,S2060,g0.7,1.4644525653663205
BSE,raw,71vgq3fw,S2060,g1.4,-5.214304906916286
BSE,raw,71vgq3fw,S2060,blur1.5,-6.044796904997637
BSE,raw,71vgq3fw,S2060,noise10,-4.001877077546251
BSE,raw,9luzk4jm,S2088,b+20,-0.5219664413178582
BSE,raw,9luzk4jm,S2088,b-20,-0.6935002395103091
BSE,raw,9luzk4jm,S2088,c0.7,-0.7438287723291062
BSE,raw,9luzk4jm,S2088,c1.3,-2.2085056699854717
BSE,raw,9luzk4jm,S2088,g0.7,4.9791655205743375
BSE,raw,9luzk4jm,S2088,g1.4,-2.4955547613696365
BSE,raw,9luzk4jm,S2088,blur1.5,2.532008836620976
BSE,raw,9luzk4jm,S2088,noise10,0.2264892822948974
BSE,rz,4ih2ggld,S2316,b+20,0.0
BSE,rz,4ih2ggld,S2316,b-20,-1.6638088329557468
BSE,rz,4ih2ggld,S2316,c0.7,0.1713915065136522
BSE,rz,4ih2ggld,S2316,c1.3,-1.0658974605802842
BSE,rz,4ih2ggld,S2316,g0.7,-0.6507607388013765
BSE,rz,4ih2ggld,S2316,g1.4,-0.9438675724741747
BSE,rz,4ih2ggld,S2316,blur1.5,7.639964449350239
BSE,rz,4ih2ggld,S2316,noise10,-0.2985212046206027
BSE,rz,f1vzngrs,S2148,b+20,0.0
BSE,rz,f1vzngrs,S2148,b-20,3.0453516380504104
BSE,rz,f1vzngrs,S2148,c0.7,0.2507492894942898
BSE,rz,f1vzngrs,S2148,c1.3,1.4621277721345582
BSE,rz,f1vzngrs,S2148,g0.7,1.8071414547158282
BSE,rz,f1vzngrs,S2148,g1.4,1.9676998993545016
BSE,rz,f1vzngrs,S2148,blur1.5,7.496545619217022
BSE,rz,f1vzngrs,S2148,noise10,3.9331321050792742
BSE,rz,rxax5ozo,S2068,b+20,0.0
BSE,rz,rxax5ozo,S2068,b-20,-1.0248003672516757
BSE,rz,rxax5ozo,S2068,c0.7,-0.049142841280145344
BSE,rz,rxax5ozo,S2068,c1.3,-0.3349525498698184
BSE,rz,rxax5ozo,S2068,g0.7,0.25694117403447403
BSE,rz,rxax5ozo,S2068,g1.4,0.07138886803381661
BSE,rz,rxax5ozo,S2068,blur1.5,6.340148579592473
BSE,rz,rxax5ozo,S2068,noise10,2.4333250532273976
BSE,rz,0grcilhi,S1904,b+20,0.0
BSE,rz,0grcilhi,S1904,b-20,-0.24010579592758052
BSE,rz,0grcilhi,S1904,c0.7,0.16907702600269836
BSE,rz,0grcilhi,S1904,c1.3,1.595543800449848
BSE,rz,0grcilhi,S1904,g0.7,4.366877248159377
BSE,rz,0grcilhi,S1904,g1.4,-2.312014148340984
BSE,rz,0grcilhi,S1904,blur1.5,7.978654504895423
BSE,rz,0grcilhi,S1904,noise10,6.113547138293275
BSE,rz,71vgq3fw,S2060,b+20,0.0
BSE,rz,71vgq3fw,S2060,b-20,0.0
BSE,rz,71vgq3fw,S2060,c0.7,0.3209141184596358
BSE,rz,71vgq3fw,S2060,c1.3,-0.12253045243636562
BSE,rz,71vgq3fw,S2060,g0.7,0.5458246571596653
BSE,rz,71vgq3fw,S2060,g1.4,-0.6880969279771088
BSE,rz,71vgq3fw,S2060,blur1.5,13.637539928218487
BSE,rz,71vgq3fw,S2060,noise10,10.489295776215823
BSE,rz,9luzk4jm,S2088,b+20,0.0
BSE,rz,9luzk4jm,S2088,b-20,0.0
BSE,rz,9luzk4jm,S2088,c0.7,0.21410302491831007
BSE,rz,9luzk4jm,S2088,c1.3,-0.28077409846919626
BSE,rz,9luzk4jm,S2088,g0.7,0.48923354919260575
BSE,rz,9luzk4jm,S2088,g1.4,-1.1322377816761782
BSE,rz,9luzk4jm,S2088,blur1.5,11.04193404914356
BSE,rz,9luzk4jm,S2088,noise10,3.799924797971935
BSE,heq,4ih2ggld,S2316,b+20,0.0
BSE,heq,4ih2ggld,S2316,b-20,1.1358891980368306
BSE,heq,4ih2ggld,S2316,c0.7,0.022472362421652736
BSE,heq,4ih2ggld,S2316,c1.3,0.8391044975928073
BSE,heq,4ih2ggld,S2316,g0.7,-0.0005501212062339889
BSE,heq,4ih2ggld,S2316,g1.4,0.096514705984863
BSE,heq,4ih2ggld,S2316,blur1.5,1.7246765095780026
BSE,heq,4ih2ggld,S2316,noise10,-0.21959536995199258
BSE,heq,f1vzngrs,S2148,b+20,-3.7546121999798565e-06
BSE,heq,f1vzngrs,S2148,b-20,0.5338812881263408
BSE,heq,f1vzngrs,S2148,c0.7,0.004907095717831211
BSE,heq,f1vzngrs,S2148,c1.3,0.1214021493134087
BSE,heq,f1vzngrs,S2148,g0.7,-5.582014589722295e-05
BSE,heq,f1vzngrs,S2148,g1.4,-0.03181934650043716
BSE,heq,f1vzngrs,S2148,blur1.5,4.945135011085218
BSE,heq,f1vzngrs,S2148,noise10,0.08260861587018475
BSE,heq,rxax5ozo,S2068,b+20,0.0
BSE,heq,rxax5ozo,S2068,b-20,0.8320429435352905
BSE,heq,rxax5ozo,S2068,c0.7,0.0025983063620008684
BSE,heq,rxax5ozo,S2068,c1.3,0.2994499101550584
BSE,heq,rxax5ozo,S2068,g0.7,0.002468349866107944
BSE,heq,rxax5ozo,S2068,g1.4,-0.014922158947417663
BSE,heq,rxax5ozo,S2068,blur1.5,4.876163327014019
BSE,heq,rxax5ozo,S2068,noise10,0.5454219152695459
BSE,heq,0grcilhi,S1904,b+20,0.0
BSE,heq,0grcilhi,S1904,b-20,0.8758408727784771
BSE,heq,0grcilhi,S1904,c0.7,0.1088475146738449
BSE,heq,0grcilhi,S1904,c1.3,0.3055554036769137
BSE,heq,0grcilhi,S1904,g0.7,-0.0021469832883576068
BSE,heq,0grcilhi,S1904,g1.4,-0.0827413670660031
BSE,heq,0grcilhi,S1904,blur1.5,4.247879025225318
BSE,heq,0grcilhi,S1904,noise10,1.5798043011272855
BSE,heq,71vgq3fw,S2060,b+20,0.0
BSE,heq,71vgq3fw,S2060,b-20,-0.0007544751630475799
BSE,heq,71vgq3fw,S2060,c0.7,0.06271133541904203
BSE,heq,71vgq3fw,S2060,c1.3,0.0
BSE,heq,71vgq3fw,S2060,g0.7,-0.0042651077293150985
BSE,heq,71vgq3fw,S2060,g1.4,-0.02465040915341163
BSE,heq,71vgq3fw,S2060,blur1.5,4.106343130735361
BSE,heq,71vgq3fw,S2060,noise10,3.4195881445923146
BSE,heq,9luzk4jm,S2088,b+20,0.0
BSE,heq,9luzk4jm,S2088,b-20,0.2168202726567808
BSE,heq,9luzk4jm,S2088,c0.7,0.0
BSE,heq,9luzk4jm,S2088,c1.3,0.010559007617174484
BSE,heq,9luzk4jm,S2088,g0.7,0.0
BSE,heq,9luzk4jm,S2088,g1.4,0.023342796250789773
BSE,heq,9luzk4jm,S2088,blur1.5,4.7606366857887545
BSE,heq,9luzk4jm,S2088,noise10,1.7108831371884237
SEt,raw,4ih2ggld,S2316,b+20,-0.05264533987804554
SEt,raw,4ih2ggld,S2316,b-20,0.3941077062702685
SEt,raw,4ih2ggld,S2316,c0.7,-0.1179141756770894
SEt,raw,4ih2ggld,S2316,c1.3,0.5680587856267005
SEt,raw,4ih2ggld,S2316,g0.7,-0.10136015310986313
SEt,raw,4ih2ggld,S2316,g1.4,0.09009113119890966
SEt,raw,4ih2ggld,S2316,blur1.5,0.9388598043271792
SEt,raw,4ih2ggld,S2316,noise10,0.49261280516253936
SEt,raw,f1vzngrs,S2148,b+20,-0.09657728676815003
SEt,raw,f1vzngrs,S2148,b-20,1.0064809414012568
SEt,raw,f1vzngrs,S2148,c0.7,-0.3958359046956572
SEt,raw,f1vzngrs,S2148,c1.3,0.9762433539911166
SEt,raw,f1vzngrs,S2148,g0.7,-0.1940440759406301
SEt,raw,f1vzngrs,S2148,g1.4,0.24572397670761736
SEt,raw,f1vzngrs,S2148,blur1.5,1.2344437063966773
SEt,raw,f1vzngrs,S2148,noise10,1.4149160962060798
SEt,raw,rxax5ozo,S2068,b+20,-0.10523870545418995
SEt,raw,rxax5ozo,S2068,b-20,0.7439151170119642
SEt,raw,rxax5ozo,S2068,c0.7,-0.3917900854154271
SEt,raw,rxax5ozo,S2068,c1.3,0.4664549302207473
SEt,raw,rxax5ozo,S2068,g0.7,0.3280370152774305
SEt,raw,rxax5ozo,S2068,g1.4,0.29637946778271684
SEt,raw,rxax5ozo,S2068,blur1.5,0.6203382349531903
SEt,raw,rxax5ozo,S2068,noise10,1.5007619797574174
SEt,raw,0grcilhi,S1904,b+20,-0.009183667779935067
SEt,raw,0grcilhi,S1904,b-20,0.6117958110176267
SEt,raw,0grcilhi,S1904,c0.7,0.0040160815297682895
SEt,raw,0grcilhi,S1904,c1.3,0.006964920213970771
SEt,raw,0grcilhi,S1904,g0.7,0.4241125334836453
SEt,raw,0grcilhi,S1904,g1.4,0.3404297965765952
SEt,raw,0grcilhi,S1904,blur1.5,-0.358892229392449
SEt,raw,0grcilhi,S1904,noise10,3.3177691019185187
SEt,raw,71vgq3fw,S2060,b+20,0.1951629110705948
SEt,raw,71vgq3fw,S2060,b-20,0.10767411261362025
SEt,raw,71vgq3fw,S2060,c0.7,0.011250814607092652
SEt,raw,71vgq3fw,S2060,c1.3,0.26167961000436324
SEt,raw,71vgq3fw,S2060,g0.7,0.4809759447927092
SEt,raw,71vgq3fw,S2060,g1.4,0.41431102867296654
SEt,raw,71vgq3fw,S2060,blur1.5,1.4288789654830958
SEt,raw,71vgq3fw,S2060,noise10,4.273483280296697
SEt,raw,9luzk4jm,S2088,b+20,-0.17838963007617625
SEt,raw,9luzk4jm,S2088,b-20,-0.3372667676476997
SEt,raw,9luzk4jm,S2088,c0.7,-0.28233982265950175
SEt,raw,9luzk4jm,S2088,c1.3,-0.5267098773738101
SEt,raw,9luzk4jm,S2088,g0.7,0.3003085284659809
SEt,raw,9luzk4jm,S2088,g1.4,0.4277179461224583
SEt,raw,9luzk4jm,S2088,blur1.5,-0.19687445005483584
SEt,raw,9luzk4jm,S2088,noise10,0.9607216633190425
SEt,rz,4ih2ggld,S2316,b+20,0.0
SEt,rz,4ih2ggld,S2316,b-20,0.36484808342209263
SEt,rz,4ih2ggld,S2316,c0.7,-0.018823241250536693
SEt,rz,4ih2ggld,S2316,c1.3,0.38575723601166256
SEt,rz,4ih2ggld,S2316,g0.7,0.3022383689239656
SEt,rz,4ih2ggld,S2316,g1.4,0.514004350645906
SEt,rz,4ih2ggld,S2316,blur1.5,1.8255272919590357
SEt,rz,4ih2ggld,S2316,noise10,-0.49625401044052975
SEt,rz,f1vzngrs,S2148,b+20,0.0
SEt,rz,f1vzngrs,S2148,b-20,0.0
SEt,rz,f1vzngrs,S2148,c0.7,-0.11084508824948366
SEt,rz,f1vzngrs,S2148,c1.3,0.049596792494605746
SEt,rz,f1vzngrs,S2148,g0.7,0.25455261457478257
SEt,rz,f1vzngrs,S2148,g1.4,-0.28726505146672
SEt,rz,f1vzngrs,S2148,blur1.5,2.3749443555043688
SEt,rz,f1vzngrs,S2148,noise10,2.3092969471912923
SEt,rz,rxax5ozo,S2068,b+20,0.0
SEt,rz,rxax5ozo,S2068,b-20,0.0
SEt,rz,rxax5ozo,S2068,c0.7,0.024524310407674943
SEt,rz,rxax5ozo,S2068,c1.3,0.11644937231010433
SEt,rz,rxax5ozo,S2068,g0.7,0.23297114344547232
SEt,rz,rxax5ozo,S2068,g1.4,0.592063416875403
SEt,rz,rxax5ozo,S2068,blur1.5,1.797928163915095
SEt,rz,rxax5ozo,S2068,noise10,0.7108837775918965
SEt,rz,0grcilhi,S1904,b+20,0.0
SEt,rz,0grcilhi,S1904,b-20,-1.7788200601561095
SEt,rz,0grcilhi,S1904,c0.7,0.03126768247611622
SEt,rz,0grcilhi,S1904,c1.3,-1.7824719629648431
SEt,rz,0grcilhi,S1904,g0.7,-1.207562549091099
SEt,rz,0grcilhi,S1904,g1.4,-1.0385282783063499
SEt,rz,0grcilhi,S1904,blur1.5,-1.7202347544333785
SEt,rz,0grcilhi,S1904,noise10,1.6905954054945367
SEt,rz,71vgq3fw,S2060,b+20,0.0
SEt,rz,71vgq3fw,S2060,b-20,0.0
SEt,rz,71vgq3fw,S2060,c0.7,0.0346026089580887
SEt,rz,71vgq3fw,S2060,c1.3,0.007949982238788678
SEt,rz,71vgq3fw,S2060,g0.7,0.08304950835104871
SEt,rz,71vgq3fw,S2060,g1.4,0.39802952960304083
SEt,rz,71vgq3fw,S2060,blur1.5,3.3310119235431523
SEt,rz,71vgq3fw,S2060,noise10,2.6155572458776537
SEt,rz,9luzk4jm,S2088,b+20,4.069074651669169e-07
SEt,rz,9luzk4jm,S2088,b-20,4.069074651669169e-07
SEt,rz,9luzk4jm,S2088,c0.7,0.10255474806047193
SEt,rz,9luzk4jm,S2088,c1.3,-0.11907325140330605
SEt,rz,9luzk4jm,S2088,g0.7,-0.04623417966256216
SEt,rz,9luzk4jm,S2088,g1.4,-0.03884014982506778
SEt,rz,9luzk4jm,S2088,blur1.5,3.569489389216846
SEt,rz,9luzk4jm,S2088,noise10,0.4775454548230954
SEt,heq,4ih2ggld,S2316,b+20,-0.006125218164331425
SEt,heq,4ih2ggld,S2316,b-20,0.6086986283164064
SEt,heq,4ih2ggld,S2316,c0.7,-0.27299373383928716
SEt,heq,4ih2ggld,S2316,c1.3,0.5218280243983191
SEt,heq,4ih2ggld,S2316,g0.7,0.02320537684070567
SEt,heq,4ih2ggld,S2316,g1.4,-0.2679872487636459
SEt,heq,4ih2ggld,S2316,blur1.5,3.718503904468117
SEt,heq,4ih2ggld,S2316,noise10,-0.9692880246636832
SEt,heq,f1vzngrs,S2148,b+20,0.00159028185442045
SEt,heq,f1vzngrs,S2148,b-20,0.5806800160791834
SEt,heq,f1vzngrs,S2148,c0.7,0.034232724201353704
SEt,heq,f1vzngrs,S2148,c1.3,0.42651139479260136
SEt,heq,f1vzngrs,S2148,g0.7,0.0023104564940253924
SEt,heq,f1vzngrs,S2148,g1.4,0.06495432836606552
SEt,heq,f1vzngrs,S2148,blur1.5,4.462234691052192
SEt,heq,f1vzngrs,S2148,noise10,3.558050483579647
SEt,heq,rxax5ozo,S2068,b+20,-0.003459499040814107
SEt,heq,rxax5ozo,S2068,b-20,0.6244879282394785
SEt,heq,rxax5ozo,S2068,c0.7,0.035526277443302556
SEt,heq,rxax5ozo,S2068,c1.3,0.18442758082819333
SEt,heq,rxax5ozo,S2068,g0.7,-0.011821343869307221
SEt,heq,rxax5ozo,S2068,g1.4,-0.20234805292128866
SEt,heq,rxax5ozo,S2068,blur1.5,3.367231394829865
SEt,heq,rxax5ozo,S2068,noise10,0.9070566422909474
SEt,heq,0grcilhi,S1904,b+20,0.001718425649433808
SEt,heq,0grcilhi,S1904,b-20,0.19971431007481355
SEt,heq,0grcilhi,S1904,c0.7,0.06395739550484247
SEt,heq,0grcilhi,S1904,c1.3,-0.33637148045238696
SEt,heq,0grcilhi,S1904,g0.7,-0.0013639734653319024
SEt,heq,0grcilhi,S1904,g1.4,-0.18566873083818258
SEt,heq,0grcilhi,S1904,blur1.5,0.6394318698053434
SEt,heq,0grcilhi,S1904,noise10,0.1694097601197604
SEt,heq,71vgq3fw,S2060,b+20,0.0
SEt,heq,71vgq3fw,S2060,b-20,0.05661945430344295
SEt,heq,71vgq3fw,S2060,c0.7,-0.0837205274727415
SEt,heq,71vgq3fw,S2060,c1.3,0.001505830895018323
SEt,heq,71vgq3fw,S2060,g0.7,0.0030210684563740653
SEt,heq,71vgq3fw,S2060,g1.4,-0.00026977250427073773
SEt,heq,71vgq3fw,S2060,blur1.5,2.4105111926207394
SEt,heq,71vgq3fw,S2060,noise10,3.310416821596832
SEt,heq,9luzk4jm,S2088,b+20,0.0
SEt,heq,9luzk4jm,S2088,b-20,-0.5908761339958579
SEt,heq,9luzk4jm,S2088,c0.7,-0.0022758041703585252
SEt,heq,9luzk4jm,S2088,c1.3,-0.8257769556363479
SEt,heq,9luzk4jm,S2088,g0.7,-0.002576123726593521
SEt,heq,9luzk4jm,S2088,g1.4,-0.3710528024133739
SEt,heq,9luzk4jm,S2088,blur1.5,3.466610067636103
SEt,heq,9luzk4jm,S2088,noise10,0.5937897735127005
Inlens,raw,4ih2ggld,S2316,b+20,-0.8209699140369879
Inlens,raw,4ih2ggld,S2316,b-20,0.4813470065099099
Inlens,raw,4ih2ggld,S2316,c0.7,-0.6636672750260264
Inlens,raw,4ih2ggld,S2316,c1.3,0.04864237857585274
Inlens,raw,4ih2ggld,S2316,g0.7,0.545396173071115
Inlens,raw,4ih2ggld,S2316,g1.4,0.8738882710401792
Inlens,raw,4ih2ggld,S2316,blur1.5,-0.29743538283581294
Inlens,raw,4ih2ggld,S2316,noise10,0.2468174911066483
Inlens,raw,f1vzngrs,S2148,b+20,-0.14036762268112657
Inlens,raw,f1vzngrs,S2148,b-20,-0.15522415258217004
Inlens,raw,f1vzngrs,S2148,c0.7,-0.6724903942078359
Inlens,raw,f1vzngrs,S2148,c1.3,0.5382686051327197
Inlens,raw,f1vzngrs,S2148,g0.7,1.304274207835969
Inlens,raw,f1vzngrs,S2148,g1.4,-0.2780903662672709
Inlens,raw,f1vzngrs,S2148,blur1.5,0.04149211480114867
Inlens,raw,f1vzngrs,S2148,noise10,2.107354297668487
Inlens,raw,rxax5ozo,S2068,b+20,0.3948772112504504
Inlens,raw,rxax5ozo,S2068,b-20,-0.5364461690314464
Inlens,raw,rxax5ozo,S2068,c0.7,0.8643395875961148
Inlens,raw,rxax5ozo,S2068,c1.3,0.7679079649811695
Inlens,raw,rxax5ozo,S2068,g0.7,1.8362721209883246
Inlens,raw,rxax5ozo,S2068,g1.4,-0.15824561356888522
Inlens,raw,rxax5ozo,S2068,blur1.5,0.19149569326196253
Inlens,raw,rxax5ozo,S2068,noise10,1.4399012474253394
Inlens,raw,0grcilhi,S1904,b+20,0.2510556171172418
Inlens,raw,0grcilhi,S1904,b-20,0.16974360227873575
Inlens,raw,0grcilhi,S1904,c0.7,-0.22839430287049378
Inlens,raw,0grcilhi,S1904,c1.3,0.2413475832164611
Inlens,raw,0grcilhi,S1904,g0.7,1.6593366807935963
Inlens,raw,0grcilhi,S1904,g1.4,-1.128606820511581
Inlens,raw,0grcilhi,S1904,blur1.5,-0.36921857136705327
Inlens,raw,0grcilhi,S1904,noise10,0.9332102184457689
Inlens,raw,71vgq3fw,S2060,b+20,-0.16210378680565668
Inlens,raw,71vgq3fw,S2060,b-20,0.06050338372095121
Inlens,raw,71vgq3fw,S2060,c0.7,-0.11346166867189456
Inlens,raw,71vgq3fw,S2060,c1.3,-0.15274024527293667
Inlens,raw,71vgq3fw,S2060,g0.7,-0.2539075993430122
Inlens,raw,71vgq3fw,S2060,g1.4,0.7878409293149456
Inlens,raw,71vgq3fw,S2060,blur1.5,1.3644043285890617
Inlens,raw,71vgq3fw,S2060,noise10,-0.47115311886320277
Inlens,raw,9luzk4jm,S2088,b+20,-0.03796552985703716
Inlens,raw,9luzk4jm,S2088,b-20,-0.6353324061751275
Inlens,raw,9luzk4jm,S2088,c0.7,0.020577994215748685
Inlens,raw,9luzk4jm,S2088,c1.3,-0.9367359670774289
Inlens,raw,9luzk4jm,S2088,g0.7,1.2144727087586156
Inlens,raw,9luzk4jm,S2088,g1.4,-0.5808644523627554
Inlens,raw,9luzk4jm,S2088,blur1.5,-0.3473455259877549
Inlens,raw,9luzk4jm,S2088,noise10,-0.37116316003795796
Inlens,rz,4ih2ggld,S2316,b+20,-9.286495848082055e-06
Inlens,rz,4ih2ggld,S2316,b-20,0.46440193393584983
Inlens,rz,4ih2ggld,S2316,c0.7,0.28615730243385995
Inlens,rz,4ih2ggld,S2316,c1.3,0.3368984102439734
Inlens,rz,4ih2ggld,S2316,g0.7,0.844357087768584
Inlens,rz,4ih2ggld,S2316,g1.4,0.37222640232999793
Inlens,rz,4ih2ggld,S2316,blur1.5,0.35785172516518493
Inlens,rz,4ih2ggld,S2316,noise10,-0.014150969193867713
Inlens,rz,f1vzngrs,S2148,b+20,0.0
Inlens,rz,f1vzngrs,S2148,b-20,-0.40090100181887445
Inlens,rz,f1vzngrs,S2148,c0.7,-0.05035575715975027
Inlens,rz,f1vzngrs,S2148,c1.3,-0.2808613383923212
Inlens,rz,f1vzngrs,S2148,g0.7,0.7138277242044846
Inlens,rz,f1vzngrs,S2148,g1.4,-0.17801702695223132
Inlens,rz,f1vzngrs,S2148,blur1.5,-1.990432701560965
Inlens,rz,f1vzngrs,S2148,noise10,2.2652188077270115
Inlens,rz,rxax5ozo,S2068,b+20,1.1608145180263647
Inlens,rz,rxax5ozo,S2068,b-20,-1.7958592645430196
Inlens,rz,rxax5ozo,S2068,c0.7,0.02687536561926207
Inlens,rz,rxax5ozo,S2068,c1.3,-0.7595214383622966
Inlens,rz,rxax5ozo,S2068,g0.7,1.8666415606962485
Inlens,rz,rxax5ozo,S2068,g1.4,-0.8482029512221236
Inlens,rz,rxax5ozo,S2068,blur1.5,0.46374905080016404
Inlens,rz,rxax5ozo,S2068,noise10,-0.4569558987493703
Inlens,rz,0grcilhi,S1904,b+20,0.034809863720490775
Inlens,rz,0grcilhi,S1904,b-20,-0.5610253906656437
Inlens,rz,0grcilhi,S1904,c0.7,0.14933614654911764
Inlens,rz,0grcilhi,S1904,c1.3,-0.8058456462096366
Inlens,rz,0grcilhi,S1904,g0.7,1.326211064763208
Inlens,rz,0grcilhi,S1904,g1.4,-2.039833150413347
Inlens,rz,0grcilhi,S1904,blur1.5,-0.26013735669649307
Inlens,rz,0grcilhi,S1904,noise10,-1.335834189419864
Inlens,rz,71vgq3fw,S2060,b+20,0.0
Inlens,rz,71vgq3fw,S2060,b-20,-0.31943665770018453
Inlens,rz,71vgq3fw,S2060,c0.7,0.3454379021672542
Inlens,rz,71vgq3fw,S2060,c1.3,-0.16861469088655612
Inlens,rz,71vgq3fw,S2060,g0.7,0.3689226475468019
Inlens,rz,71vgq3fw,S2060,g1.4,0.6647811319966803
Inlens,rz,71vgq3fw,S2060,blur1.5,1.6255010230880098
Inlens,rz,71vgq3fw,S2060,noise10,-0.3231483218979152
Inlens,rz,9luzk4jm,S2088,b+20,0.0
Inlens,rz,9luzk4jm,S2088,b-20,0.0
Inlens,rz,9luzk4jm,S2088,c0.7,-0.005964187263644449
Inlens,rz,9luzk4jm,S2088,c1.3,0.021566994754241176
Inlens,rz,9luzk4jm,S2088,g0.7,0.021655689308155868
Inlens,rz,9luzk4jm,S2088,g1.4,0.1444799191293813
Inlens,rz,9luzk4jm,S2088,blur1.5,3.4670885696073643
Inlens,rz,9luzk4jm,S2088,noise10,2.141075447042811
Inlens,heq,4ih2ggld,S2316,b+20,-0.09408852816776037
Inlens,heq,4ih2ggld,S2316,b-20,0.32794352507236146
Inlens,heq,4ih2ggld,S2316,c0.7,0.09522460851384018
Inlens,heq,4ih2ggld,S2316,c1.3,0.2828400737195018
Inlens,heq,4ih2ggld,S2316,g0.7,0.0759227315391815
Inlens,heq,4ih2ggld,S2316,g1.4,0.06200710081095284
Inlens,heq,4ih2ggld,S2316,blur1.5,2.412851788869843
Inlens,heq,4ih2ggld,S2316,noise10,-0.15053537174822984
Inlens,heq,f1vzngrs,S2148,b+20,0.1769625887466243
Inlens,heq,f1vzngrs,S2148,b-20,-0.24283893723152392
Inlens,heq,f1vzngrs,S2148,c0.7,0.008264130816141524
Inlens,heq,f1vzngrs,S2148,c1.3,0.18004357317725317
Inlens,heq,f1vzngrs,S2148,g0.7,0.0
Inlens,heq,f1vzngrs,S2148,g1.4,0.002953708845580494
Inlens,heq,f1vzngrs,S2148,blur1.5,-0.8410585379959212
Inlens,heq,f1vzngrs,S2148,noise10,0.4272341243760386
Inlens,heq,rxax5ozo,S2068,b+20,0.0329973273464379
Inlens,heq,rxax5ozo,S2068,b-20,0.22810068736835554
Inlens,heq,rxax5ozo,S2068,c0.7,-0.07101516656737594
Inlens,heq,rxax5ozo,S2068,c1.3,0.5987526131793821
Inlens,heq,rxax5ozo,S2068,g0.7,0.06384294275407232
Inlens,heq,rxax5ozo,S2068,g1.4,-0.04960553223979436
Inlens,heq,rxax5ozo,S2068,blur1.5,2.2495773755983675
Inlens,heq,rxax5ozo,S2068,noise10,0.3059940908182335
Inlens,heq,0grcilhi,S1904,b+20,0.08455773534789035
Inlens,heq,0grcilhi,S1904,b-20,0.3944231909830327
Inlens,heq,0grcilhi,S1904,c0.7,-0.0020843630497591192
Inlens,heq,0grcilhi,S1904,c1.3,0.7845756954802594
Inlens,heq,0grcilhi,S1904,g0.7,0.0
Inlens,heq,0grcilhi,S1904,g1.4,-0.002224708808266307
Inlens,heq,0grcilhi,S1904,blur1.5,0.9089475364173971
Inlens,heq,0grcilhi,S1904,noise10,0.03488889775765358
Inlens,heq,71vgq3fw,S2060,b+20,0.018572482730506268
Inlens,heq,71vgq3fw,S2060,b-20,0.19522544274058384
Inlens,heq,71vgq3fw,S2060,c0.7,-0.032951401506287725
Inlens,heq,71vgq3fw,S2060,c1.3,0.06923787802904657
Inlens,heq,71vgq3fw,S2060,g0.7,-0.009230261884810131
Inlens,heq,71vgq3fw,S2060,g1.4,0.1748723718409848
Inlens,heq,71vgq3fw,S2060,blur1.5,4.2219869878366705
Inlens,heq,71vgq3fw,S2060,noise10,1.7611677492970732
Inlens,heq,9luzk4jm,S2088,b+20,-0.027217231059689873
Inlens,heq,9luzk4jm,S2088,b-20,0.04356106626233869
Inlens,heq,9luzk4jm,S2088,c0.7,0.008306787349975364
Inlens,heq,9luzk4jm,S2088,c1.3,-0.17636388639628064
Inlens,heq,9luzk4jm,S2088,g0.7,-0.011515188170086343
Inlens,heq,9luzk4jm,S2088,g1.4,0.0
Inlens,heq,9luzk4jm,S2088,blur1.5,3.392996773341757
Inlens,heq,9luzk4jm,S2088,noise10,0.24379390057657735
