,src_pc1_evr,loo_pc1_med,loo_pc1_min,loo_dc1_med,loo_dc1_min,boot_crop_pc1_med,boot_crop_pc1_p5,boot_crop_dc1_p5,boot_tile_pc1_med,boot_tile_pc1_p5,auc_base_pc1,auc_base_dc1,tile_pc1_evr,tile_pc1_eta2_src,crop_pc1_eta2_src,crop_pc1_eta2_tile,crop_dc1_eta2_src,acq_crop_pc1_maxabs
BSE/raw,0.4219970703125,1.0,0.6643356643356644,0.9930069930069931,0.7132867132867133,0.9615384615384615,0.8846153846153846,0.8846153846153846,0.9725274725274725,0.8901098901098902,0.761904761904762,0.7619047619047619,0.37680065631866455,0.9103521108627319,0.15936756134033203,0.17896389961242676,0.17477358552837996,0.17126737261556124
BSE/rz,0.5001700520515442,1.0,0.9930069930069931,1.0,0.9860139860139862,0.9725274725274725,0.9230769230769231,0.9175824175824175,0.967032967032967,0.9340659340659341,0.6190476190476191,0.6190476190476191,0.4466054439544678,0.9170321226119995,0.18743187189102173,0.20714223384857178,0.20255858401628002,0.1818620193787451
BSE/heq,0.45857667922973633,0.9930069930069931,0.9580419580419581,0.9930069930069931,0.8671328671328673,0.9725274725274725,0.9395604395604396,0.9175824175824175,0.9615384615384615,0.9008241758241757,0.738095238095238,0.7142857142857143,0.4411289393901825,0.8522597551345825,0.15073692798614502,0.17635059356689453,0.1595082224037766,0.17644016035657484
SEt/raw,0.3744620382785797,0.9790209790209792,0.7762237762237763,0.9860139860139862,0.7692307692307694,0.9340659340659341,0.8678571428571429,0.8626373626373626,0.901098901098901,0.7359890109890109,0.6428571428571428,0.6428571428571428,0.35340359807014465,0.80329430103302,0.15066999197006226,0.1889890432357788,0.1644381248934098,0.14926652905737095
SEt/rz,0.4280205965042114,1.0,0.9510489510489512,0.9930069930069931,0.9230769230769231,0.9780219780219779,0.9337912087912088,0.9175824175824175,0.901098901098901,0.7903846153846155,0.6904761904761905,0.6666666666666666,0.43435508012771606,0.6905767917633057,0.15215235948562622,0.22658920288085938,0.1556768852103586,0.1894187246939946
SEt/heq,0.45662418007850647,1.0,0.9860139860139862,1.0,0.9860139860139862,0.989010989010989,0.9725274725274725,0.9725274725274725,0.9505494505494506,0.8901098901098902,0.6428571428571428,0.6666666666666666,0.4122786819934845,0.7775878310203552,0.13541102409362793,0.20114284753799438,0.13319921676181767,0.18982392958606653
Inlens/raw,0.4409097731113434,1.0,0.9580419580419581,1.0,0.9720279720279721,0.9835164835164836,0.9557692307692308,0.9505494505494506,0.9725274725274725,0.9395604395604396,0.7619047619047619,0.7380952380952381,0.3762819766998291,0.8725746273994446,0.10947102308273315,0.13377970457077026,0.11277785942805807,0.10183669663187252
Inlens/rz,0.3780572712421417,0.9860139860139862,0.9020979020979022,0.9930069930069931,0.9370629370629372,0.9725274725274725,0.9175824175824175,0.9173076923076923,0.945054945054945,0.8791208791208791,0.7619047619047619,0.7619047619047621,0.31982097029685974,0.8594383001327515,0.09604412317276001,0.12169510126113892,0.09714169905773273,0.11018895766616649
Inlens/heq,0.38342300057411194,0.9860139860139862,0.9160839160839163,0.9860139860139862,0.9300699300699302,0.9725274725274725,0.9120879120879121,0.9063186813186814,0.9725274725274725,0.8953296703296703,0.6904761904761905,0.6904761904761905,0.357550710439682,0.9826131463050842,0.13876527547836304,0.16255831718444824,0.16293644348075287,0.1863380974715233
