,crop_R2_src,crop_R2_batch,crop_R2_batch|src,crop_R2_tile,tile_R2_src,tile_R2_src_p,tile_R2_batch,tile_R2_batch|src,tile_R2_batch|src_p,sil_crop_src,sil_crop_batch,sil_tile_src,sil_tile_batch,knn10_srcpurity,nn1_srcpurity,knn_chance,tile_vote_src_acc
BSE/raw,0.08852970600128174,0.024991989135742188,0.006417453289031982,0.10577648878097534,0.8372026085853577,0.001,0.22641825675964355,0.05973905324935913,0.28,-0.053445376455783844,0.024928733706474304,0.2746073305606842,0.11947140842676163,0.1692090395480226,0.20564971751412428,0.06210154029624085,0.3793103448275862
BSE/rz,0.0889466404914856,0.020320415496826172,0.006609499454498291,0.10768640041351318,0.8255479335784912,0.001,0.1814866065979004,0.05994617938995361,0.227,-0.061535801738500595,0.024283671751618385,0.27218982577323914,0.10607989132404327,0.15446327683615818,0.19887005649717515,0.06210154029624085,0.41379310344827586
BSE/heq,0.07223397493362427,0.017179667949676514,0.007992684841156006,0.09209221601486206,0.7828911542892456,0.001,0.1880730390548706,0.08562779426574707,0.5,-0.03665659576654434,0.01489182747900486,0.22773286700248718,0.057355500757694244,0.14355932203389832,0.18192090395480226,0.06210154029624085,0.41379310344827586
SEt/raw,0.1083749532699585,0.0289190411567688,0.009701430797576904,0.13452452421188354,0.8060215711593628,0.001,0.21365970373153687,0.07149398326873779,0.498,-0.054245930165052414,0.03571218252182007,0.155239999294281,0.13043008744716644,0.1884180790960452,0.24124293785310735,0.06210154029624085,0.41379310344827586
SEt/rz,0.10342049598693848,0.02758890390396118,0.0132485032081604,0.14014118909835815,0.7344398498535156,0.001,0.2003304362297058,0.09381091594696045,0.5,-0.04343367740511894,0.027991944923996925,0.0437421053647995,0.10168847441673279,0.17627118644067796,0.22203389830508474,0.06210154029624085,0.41379310344827586
SEt/heq,0.10192251205444336,0.028488457202911377,0.011926233768463135,0.13771283626556396,0.7359749674797058,0.001,0.20970869064331055,0.0856325626373291,0.478,-0.026164604350924492,0.027466032654047012,0.07885698974132538,0.11722049117088318,0.1801129943502825,0.21073446327683615,0.06210154029624085,0.4482758620689655
Inlens/raw,0.09852808713912964,0.025471270084381104,0.007184028625488281,0.11870616674423218,0.832046627998352,0.001,0.225083589553833,0.05872225761413574,0.509,-0.0519079826772213,0.022714763879776,0.3107379078865051,0.11614444851875305,0.22926553672316385,0.29774011299435027,0.06210154029624085,0.4827586206896552
Inlens/rz,0.09949898719787598,0.025154054164886475,0.007025301456451416,0.119509756565094,0.834780216217041,0.001,0.2199041247367859,0.05705881118774414,0.506,-0.04482578858733177,0.02132404036819935,0.2913500666618347,0.1037188470363617,0.21480225988700566,0.28700564971751413,0.06210154029624085,0.4482758620689655
Inlens/heq,0.12794870138168335,0.02818971872329712,0.007584810256958008,0.14847242832183838,0.8626065850257874,0.001,0.195478618144989,0.049917757511138916,0.515,-0.023655882105231285,0.025836754590272903,0.37569546699523926,0.036253225058317184,0.2910169491525424,0.35423728813559324,0.06210154029624085,0.4827586206896552
